Time_s,Irradiance_Wm2,Power_Ideal_W,Power_EKF_W,Voltage_PV_V
0,1000,10,9.82901616899784,17.396323880191
0.001,1000,9.99983135542482,9.8579970709287,17.2448828664042
0.002,1000,9.99966292152366,9.77251907054755,17.6932887919687
0.003,1000,9.99949469803334,9.80531833774177,17.725030239665
0.004,1000,9.99932668469101,9.78851664081663,17.6302298478706
0.005,1000,9.99915888123416,9.80095401364386,17.5401295266259
0.006,1000,9.99899128740058,9.79062724255252,17.3647390950423
0.007,1000,9.99882390292842,9.80865107316288,17.5505020472146
0.008,1000,9.99865672755614,9.82010544540444,17.4700431972505
0.009,1000,9.99848976102252,9.82157917748698,17.4677152508108
0.01,1000,9.99832300306667,9.73220962024704,17.4770658703606
0.011,1000,9.99815645342805,9.87101932486371,17.5198294412736
0.012,1000,9.99799011184641,9.81764757879182,17.8013410273376
0.013,1000,9.99782397806185,9.83462538134,17.6062059184371
0.014,1000,9.99765805181478,9.78121749102051,17.6071793415754
0.015,1000,9.99749233284595,9.82943720807874,17.5467824583295
0.016,1000,9.99732682089641,9.86527577161517,17.5847590428588
0.017,1000,9.99716151570756,9.91760024481949,17.2815307283266
0.018,1000,9.9969964170211,9.89238891187673,17.3931442326665
0.019,1000,9.99683152457907,9.82386124661345,17.5203922373433
0.02,1000,9.99666683812383,9.809192820456,17.4882282352394
0.021,1000,9.99650235739804,9.91766973070884,17.5185718505988
0.022,1000,9.99633808214472,9.89065860866744,17.6433503474073
0.023,1000,9.99617401210717,9.83525035892336,17.5276380672137
0.024,1000,9.99601014702905,9.91502306157376,17.452221415387
0.025,1000,9.99584648665431,9.81416790808095,17.4950034869337
0.026,1000,9.99568303072723,9.85514449421157,17.5348575269213
0.027,1000,9.99551977899241,9.92355754256551,17.5443520232541
0.028,1000,9.99535673119477,9.96817335501535,17.6148107024687
0.029,1000,9.99519388707956,9.88414443617059,17.4494196395999
0.03,1000,9.99503124639231,10.0063689442235,17.3551214620244
0.031,1000,9.99486880887892,9.8025894979116,17.5898026066723
0.032,1000,9.99470657428556,9.91091117307506,17.5036927827903
0.033,1000,9.99454454235876,9.93903984396421,17.519660591139
0.034,1000,9.99438271284533,9.94065416470324,17.502956979091
0.035,1000,9.99422108549241,9.90860860527549,17.5476257916069
0.036,1000,9.99405966004747,9.87698728526749,17.6077360746468
0.037,1000,9.99389843625827,9.96231875861258,17.6290977117628
0.038,1000,9.9937374138729,9.81542909847932,17.4596216358377
0.039,1000,9.99357659263977,9.94706774149684,17.6259857591162
0.04,1000,9.9934159723076,9.93269929243226,17.4755181851607
0.041,1000,9.9932555526254,9.86676884279575,17.5803048904098
0.042,1000,9.99309533334253,9.83894025236681,17.7642660559582
0.043,1000,9.99293531420865,9.88465629335234,17.4636346589956
0.044,1000,9.99277549497372,9.98184137038036,17.3258513337132
0.045,1000,9.99261587538803,9.89030599613472,17.5029976352184
0.046,1000,9.99245645520217,9.92327763413306,17.4360941678047
0.047,1000,9.99229723416704,9.95206497905315,17.5697559724826
0.048,1000,9.99213821203387,9.89607118877451,17.5886057199011
0.049,1000,9.99197938855419,9.90351364498283,17.7153292131979
0.05,1000,9.99182076347982,9.97141060347052,17.4833084238305
0.051,1000,9.99166233656292,9.92627556617763,17.3461554958735
0.052,1000,9.99150410755595,9.93780691901071,17.3667091449693
0.053,1000,9.99134607621167,9.88306688638833,17.4872659219456
0.054,1000,9.99118824228316,9.95180230603235,17.6008032213702
0.055,1000,9.99103060552381,9.95031017503867,17.5230539723288
0.056,1000,9.9908731656873,9.93664664449565,17.5004374100176
0.057,1000,9.99071592252764,9.93797511545811,17.4836801093805
0.058,1000,9.99055887579914,9.96151447691635,17.6341741152353
0.059,1000,9.9904020252564,9.87112952152513,17.4524879201648
0.06,1000,9.99024537065436,9.90017272402422,17.3950607388159
0.061,1000,9.99008891174823,9.91310685103729,17.4247032508549
0.062,1000,9.98993264829355,9.94772846773314,17.4449485220707
0.063,1000,9.98977658004615,9.89590364795427,17.2955049993763
0.064,1000,9.9896207067622,9.94597218807913,17.503735788242
0.065,1000,9.98946502819812,9.89559107397743,17.4781630849451
0.066,1000,9.98930954411067,10.0092298714949,17.6013862564791
0.067,1000,9.98915425425691,9.89141525656817,17.6114821674202
0.068,1000,9.9889991583942,9.91794828260017,17.5895103725429
0.069,1000,9.9888442562802,9.93925160409909,17.3781450150072
0.07,1000,9.98868954767287,9.90273303359536,17.6451871260019
0.071,1000,9.98853503233049,10.0309417417973,17.2706924878289
0.072,1000,9.98838071001162,9.94528112692729,17.3841139283165
0.073,1000,9.98822658047513,9.92358358936401,17.4273888051419
0.074,1000,9.9880726434802,9.91647356855981,17.2319881590847
0.075,1000,9.9879188987863,9.9752921804916,17.5984575253666
0.076,1000,9.98776534615321,9.95953996996492,17.5326763942162
0.077,1000,9.987611985341,9.97743092361292,17.3599823074576
0.078,1000,9.98745881611003,9.95571188691631,17.5237969685217
0.079,1000,9.987305838221,9.91750611346952,17.4755904612359
0.08,1000,9.98715305143486,10.0382968209153,17.4304310611278
0.081,1000,9.98700045551288,10.0012169611717,17.5058948822496
0.082,1000,9.98684805021665,9.94699670610845,17.3699112903878
0.083,1000,9.98669583530801,9.9521294001193,17.3985774061805
0.084,1000,9.98654381054915,9.95265930348001,17.3172814042068
0.085,1000,9.98639197570251,9.934714734501,17.4808012383275
0.086,1000,9.98624033053086,10.0001556485681,17.5198104474211
0.087,1000,9.98608887479725,9.98027330402629,17.498974085164
0.088,1000,9.98593760826503,9.89828066730362,17.5178748519292
0.089,1000,9.98578653069785,10.0201048522435,17.6454475342551
0.09,1000,9.98563564185965,9.96182277284422,17.5771727469449
0.091,1000,9.98548494151466,9.9483955692646,17.5844590432712
0.092,1000,9.98533442942742,9.97092835239845,17.3619996338362
0.093,1000,9.98518410536275,9.98277580552547,17.4481903384302
0.094,1000,9.98503396908577,9.97106212830415,17.5791534129494
0.095,1000,9.98488402036189,9.90408698599176,17.3825398463074
0.096,1000,9.98473425895682,9.94472897104445,17.6568295143516
0.097,1000,9.98458468463655,9.95120586800278,17.6004875782993
0.098,1000,9.98443529716737,10.0098667325533,17.5502126826422
0.099,1000,9.98428609631587,9.93494637032417,17.476991680975
0.1,1000,9.98413708184892,9.9497782715923,17.4568293237016
0.101,1000,9.98398825353368,10.0036326755672,17.4185700101198
0.102,1000,9.98383961113762,9.98659735650982,17.441437023226
0.103,1000,9.98369115442847,9.95151366163607,17.4509960153417
0.104,1000,9.98354288317427,9.91129161756196,17.5150969398951
0.105,1000,9.98339479714336,9.96340589137986,17.5965399017241
0.106,1000,9.98324689610434,9.96105081145766,17.3428652524501
0.107,1000,9.98309917982611,9.96122093112481,17.6280443210193
0.108,1000,9.98295164807788,10.0027768312997,17.4003006546026
0.109,1000,9.98280430062913,9.96537124560826,17.3961893599968
0.11,1000,9.98265713724962,9.97892882260982,17.383705275086
0.111,1000,9.9825101577094,9.95405074050227,17.5241409772576
0.112,1000,9.98236336177884,9.90581809943241,17.4618013064355
0.113,1000,9.98221674922855,9.98040082789898,17.5008670415016
0.114,1000,9.98207031982945,9.89649855756233,17.3823196996545
0.115,1000,9.98192407335276,9.93634433602703,17.562830163434
0.116,1000,9.98177800956995,9.94318301331229,17.5017800934196
0.117,1000,9.98163212825281,9.99728857631639,17.4836740493041
0.118,1000,9.98148642917339,9.94110616716083,17.5316513125419
0.119,1000,9.98134091210403,9.92480832515684,17.5359969728159
0.12,1000,9.98119557681738,9.93702028425569,17.5232330776821
0.121,1000,9.98105042308634,9.94500650575636,17.6099473847604
0.122,1000,9.98090545068411,9.99727249409966,17.5406959581511
0.123,1000,9.98076065938417,10.0072786444579,17.5604542061995
0.124,1000,9.98061604896029,9.97827909701717,17.5572370985063
0.125,1000,9.9804716191865,9.96438288173423,17.6850277604976
0.126,1000,9.98032736983714,9.96883644408988,17.3380106593613
0.127,1000,9.98018330068683,10.008106185481,17.5966992169578
0.128,1000,9.98003941151044,9.9920713957478,17.6046700720156
0.129,1000,9.97989570208316,10.0031553366,17.6369894833433
0.13,1000,9.97975217218043,9.91270504769302,17.330509776933
0.131,1000,9.979608821578,9.98585940775194,17.6465783175405
0.132,1000,9.97946565005187,9.93683129192747,17.692173172512
0.133,1000,9.97932265737834,9.9197444713009,17.3859130808701
0.134,1000,9.97917984333399,9.90359622064609,17.4235221617763
0.135,1000,9.97903720769567,9.92471853451051,17.6824934941502
0.136,1000,9.97889475024051,9.97563640702158,17.6596783844457
0.137,1000,9.97875247074592,9.89939607261402,17.5895548979439
0.138,1000,9.97861036898959,9.97180732898315,17.6121220787528
0.139,1000,9.97846844474948,9.96125254664496,17.5153031430513
0.14,1000,9.97832669780384,9.96405741088707,17.4327471357766
0.141,1000,9.97818512793119,9.9063006946007,17.5090518313579
0.142,1000,9.97804373491033,10.0203551178641,17.5188815963053
0.143,1000,9.97790251852032,9.99691829076502,17.4068648031481
0.144,1000,9.97776147854052,10.0143656730463,17.4571199258038
0.145,1000,9.97762061475056,10.0456343387017,17.5047007976913
0.146,1000,9.97747992693033,9.9550858099543,17.4730798227237
0.147,1000,9.97733941486,9.96469559622613,17.7123547537643
0.148,1000,9.97719907832004,9.91349702842188,17.6055562783727
0.149,1000,9.97705891709115,9.89198877570437,17.5346344980406
0.15,1000,9.97691893095435,9.93772943391001,17.5709276651682
0.151,1000,9.9767791196909,9.99294590140009,17.573922275117
0.152,1000,9.97663948308235,9.97736527197404,17.4802366806079
0.153,1000,9.97650002091052,9.96097445039836,17.6422256372397
0.154,1000,9.97636073295749,9.95906418784768,17.3912793383078
0.155,1000,9.97622161900562,9.98022120470005,17.5404707972559
0.156,1000,9.97608267883756,9.9573262865052,17.5295124323816
0.157,1000,9.97594391223621,10.0115797687391,17.5784103835456
0.158,1000,9.97580531898474,9.99389676206334,17.4573053523519
0.159,1000,9.97566689886661,10.0174475496239,17.5019202041711
0.16,1000,9.97552865166553,10.0358100784254,17.4349102619811
0.161,1000,9.97539057716549,10.0012667133921,17.5121643985633
0.162,1000,9.97525267515075,9.92083580623805,17.5569320622469
0.163,1000,9.97511494540583,9.96795646501753,17.4170066718908
0.164,1000,9.97497738771554,10.020547893025,17.5248019572845
0.165,1000,9.97484000186494,9.93499837178841,17.5515823867199
0.166,1000,9.97470278763937,9.97618986963855,17.3537228098261
0.167,1000,9.97456574482442,9.95601876109088,17.5007294092751
0.168,1000,9.97442887320597,10.0144865602792,17.7116848511853
0.169,1000,9.97429217257016,10.0380528031184,17.4778127922615
0.17,1000,9.9741556427034,9.95268899616335,17.557468691669
0.171,1000,9.97401928339234,9.87886337021033,17.5660174973981
0.172,1000,9.97388309442394,10.0084632520217,17.3747714101198
0.173,1000,9.97374707558539,10.0092591430723,17.5213084991796
0.174,1000,9.97361122666418,9.96007170705749,17.5656108473149
0.175,1000,9.97347554744802,9.98918411419303,17.2408821864587
0.176,1000,9.97334003772493,10.0092251704319,17.5053332375596
0.177,1000,9.97320469728318,9.98600997072167,17.5101483672199
0.178,1000,9.97306952591128,10.0116844682843,17.5165435399758
0.179,1000,9.97293452339804,9.99069985575164,17.3113676077938
0.18,1000,9.97279968953251,9.98515932337243,17.4248027758515
0.181,1000,9.97266502410403,9.88603611399849,17.5609476804075
0.182,1000,9.97253052690216,9.88949739086242,17.7041875841253
0.183,1000,9.97239619771677,9.98374384599313,17.5844457583707
0.184,1000,9.97226203633795,9.920483253989,17.4804026632698
0.185,1000,9.97212804255609,9.9452224360027,17.6890443842315
0.186,1000,9.97199421616181,10.0126446585169,17.4650481830183
0.187,1000,9.97186055694603,9.95537543884878,17.393446202771
0.188,1000,9.97172706469988,9.98949734775294,17.3992197928705
0.189,1000,9.97159373921479,10.0473979554305,17.5402085494598
0.19,1000,9.97146058028244,10.0444153024586,17.4842124898009
0.191,1000,9.97132758769478,9.93288954721224,17.5753275194239
0.192,1000,9.97119476124398,9.92520421624176,17.4517235779563
0.193,1000,9.97106210072253,9.93611255619174,17.4608323273327
0.194,1000,9.97092960592313,9.94823889831897,17.3920664751244
0.195,1000,9.97079727663876,9.94651108647845,17.4882334756448
0.196,1000,9.97066511266265,10.0407325648595,17.4748246908635
0.197,1000,9.97053311378831,9.9999430059908,17.4676403717972
0.198,1000,9.97040127980948,9.92483887655592,17.4372702204947
0.199,1000,9.97026961052016,9.89135538260205,17.4455313922123
0.2,1000,9.97013810571464,9.9933460513772,17.4040585820285
0.201,1000,9.97000676518743,10.0062788920941,17.6377946491051
0.202,1000,9.96987558873331,9.90756989063887,17.3672495052992
0.203,1000,9.96974457614732,10.019273552314,17.4362789271486
0.204,1000,9.96961372722475,9.94252009263207,17.4524259969141
0.205,1000,9.96948304176115,9.99393842431551,17.49006379884
0.206,1000,9.96935251955232,9.96096157736708,17.4626025274307
0.207,1000,9.96922216039433,9.95770089133794,17.6665150194425
0.208,1000,9.96909196408348,9.95774429487134,17.5275661693503
0.209,1000,9.96896193041635,10.0348580989057,17.4611717102805
0.21,1000,9.96883205918976,9.94363642056229,17.5201206495963
0.211,1000,9.96870235020078,9.95610755847154,17.5152981991089
0.212,1000,9.96857280324674,10.0028091472449,17.4253836879782
0.213,1000,9.96844341812523,10.0037835900346,17.4153634941006
0.214,1000,9.96831419463408,9.98468672912963,17.4527946904949
0.215,1000,9.96818513257138,9.95194147872287,17.6193042232964
0.216,1000,9.96805623173547,9.96019008269914,17.4235387100444
0.217,1000,9.96792749192495,9.97807854320114,17.4129046369581
0.218,1000,9.96779891293865,10.0222377313585,17.669267912462
0.219,1000,9.96767049457568,9.9256029313425,17.6599371212941
0.22,1000,9.96754223663537,10.0036741012713,17.6067196648613
0.221,1000,9.96741413891733,10.000384932475,17.5705245799794
0.222,1000,9.9672862012214,9.9389083545964,17.4403688393413
0.223,1000,9.96715842334768,9.89920248668614,17.306012325226
0.224,1000,9.96703080509652,9.93173118577951,17.6125329932068
0.225,1000,9.96690334626852,9.92599856417226,17.3438331042574
0.226,1000,9.96677604666451,9.9614248734561,17.3390585556018
0.227,1000,9.9666489060856,9.94536755612901,17.5313163071657
0.228,1000,9.96652192433312,10.005383227793,17.3817791566752
0.229,1000,9.96639510120867,10.0248085642493,17.3466390904008
0.23,1000,9.96626843651408,9.91587427502592,17.5412803675415
0.231,1000,9.96614193005145,9.98804605401993,17.4072063023305
0.232,1000,9.96601558162311,9.97626914165598,17.4382354346673
0.233,1000,9.96588939103163,10.0128936950992,17.4078598977096
0.234,1000,9.96576335807984,10.0060362742836,17.6842410082772
0.235,1000,9.96563748257083,9.93144423894858,17.4109422327787
0.236,1000,9.9655117643079,9.92130669342807,17.3137870169952
0.237,1000,9.96538620309462,9.897025360483,17.3756049756259
0.238,1000,9.96526079873481,9.91193955504951,17.5260661488071
0.239,1000,9.96513555103251,9.94287454151795,17.5551304733584
0.24,1000,9.96501045979203,9.97172889766518,17.5255413775126
0.241,1000,9.96488552481792,9.97551391571966,17.6631375553049
0.242,1000,9.96476074591496,10.0136306167462,17.5748593752749
0.243,1000,9.96463612288818,9.94767293581129,17.4577160521887
0.244,1000,9.96451165554287,9.93715522600206,17.6250989644308
0.245,1000,9.96438734368454,10.0355184000988,17.6323808967753
0.246,1000,9.96426318711895,9.92488194395891,17.4988378563223
0.247,1000,9.96413918565212,9.94527818952774,17.4891007957039
0.248,1000,9.96401533909028,9.97915025827602,17.4579859618068
0.249,1000,9.96389164723993,9.99336497182051,17.5412567682201
0.25,1000,9.9637681099078,10.013452397222,17.537904872136
0.251,1000,9.96364472690086,9.93951059532585,17.5411760784637
0.252,1000,9.96352149802632,10.027587874151,17.5873687897615
0.253,1000,9.96339842309165,9.91762418659326,17.4949902261703
0.254,1000,9.96327550190453,9.96324625835026,17.356566487078
0.255,1000,9.96315273427291,9.96534749558143,17.5381808501758
0.256,1000,9.96303012000495,9.87561489836023,17.3961151742977
0.257,1000,9.96290765890907,9.99609369372114,17.6156797581889
0.258,1000,9.96278535079393,10.0091916810078,17.6255079514375
0.259,1000,9.96266319546842,9.97270927327445,17.4251533249478
0.26,1000,9.96254119274168,9.8564446129518,17.5193080767127
0.261,1000,9.96241934242307,9.94745810292856,17.5555152782351
0.262,1000,9.9622976443222,9.9476551364199,17.7478088322523
0.263,1000,9.96217609824892,9.87555471839778,17.4242428362463
0.264,1000,9.96205470401331,10.0170277605618,17.5620249075506
0.265,1000,9.9619334614257,9.93297515352309,17.4967400892386
0.266,1000,9.96181237029664,10.0288795562002,17.4598531108063
0.267,1000,9.96169143043693,10.00815799957,17.5436002446702
0.268,1000,9.96157064165759,9.86842829833304,17.6571642056328
0.269,1000,9.96145000376991,9.93898000351967,17.4320547121097
0.27,1000,9.96132951658538,9.99826953249575,17.64437965281
0.271,1000,9.96120917991573,10.019836741278,17.419871572902
0.272,1000,9.96108899357295,9.96830462277471,17.577833130744
0.273,1000,9.96096895736924,9.97949270848358,17.404679949726
0.274,1000,9.96084907111705,9.90738355894879,17.5082667486881
0.275,1000,9.96072933462905,10.0332555206788,17.2855427206808
0.276,1000,9.96060974771815,9.94760254385813,17.5865157085478
0.277,1000,9.96049031019751,9.98237721030947,17.4490429464019
0.278,1000,9.96037102188049,9.91498493960071,17.6010982422168
0.279,1000,9.96025188258072,10.0068705709003,17.4950078513365
0.28,1000,9.96013289211203,9.95501886431564,17.4907606841768
0.281,1000,9.9600140502885,10.0003683985186,17.4715087796247
0.282,1000,9.95989535692445,10.032654772154,17.4769957117282
0.283,1000,9.95977681183441,9.98803398756185,17.5326332153231
0.284,1000,9.95965841483316,9.92899194527781,17.602052190494
0.285,1000,9.9595401657357,9.96902772156502,17.50124993921
0.286,1000,9.95942206435727,9.97834891672312,17.5410245078051
0.287,1000,9.95930411051333,9.99255201531486,17.7060123267672
0.288,1000,9.95918630401959,9.99916032377374,17.4343164484082
0.289,1000,9.95906864469197,9.9433031513571,17.5454308349406
0.29,1000,9.95895113234662,9.95028812304768,17.5746066740635
0.291,1000,9.95883376679993,10.0309246016149,17.6496546784607
0.292,1000,9.95871654786853,9.95672054066597,17.6880123685946
0.293,1000,9.95859947536925,9.95791502814817,17.4254131617596
0.294,1000,9.95848254911917,9.92716836228868,17.6241956586588
0.295,1000,9.95836576893559,9.9412204006429,17.501056283064
0.296,1000,9.95824913463604,9.92257001866207,17.5068434452785
0.297,1000,9.95813264603829,10.0101851826359,17.3662230575167
0.298,1000,9.95801630296031,9.9320501383577,17.5199032944315
0.299,1000,9.95790010522033,10.0274362364886,17.5928840885103
0.3,1000,9.95778405263678,9.9424805448605,17.4124199956595
0.301,1000,9.95766814502833,9.93893659238121,17.3952905658524
0.302,1000,9.95755238221388,9.98668020672315,17.5482397990252
0.303,1000,9.95743676401254,9.98562965187769,17.3062173621981
0.304,1000,9.95732129024367,10.0271197826101,17.4280003372501
0.305,1000,9.95720596072683,9.97344782608356,17.5076233066797
0.306,1000,9.95709077528182,9.92577913488854,17.4719140269495
0.307,1000,9.95697573372867,10.0187362901939,17.2997741667932
0.308,1000,9.95686083588762,9.96693830458563,17.5712291574293
0.309,1000,9.95674608157914,9.94076142062986,17.5548559516523
0.31,1000,9.95663147062394,9.92509159034311,17.4630802522873
0.311,1000,9.95651700284293,9.95186721413289,17.4891125704102
0.312,1000,9.95640267805725,9.88262010739476,17.6441151300684
0.313,1000,9.95628849608828,9.94664533762813,17.5755064931288
0.314,1000,9.9561744567576,9.95423793715835,17.5306552426595
0.315,1000,9.95606055988703,9.96713270896004,17.4664623803939
0.316,1000,9.9559468052986,9.95677845112787,17.6124129800856
0.317,1000,9.95583319281457,9.90114611302474,17.563547901591
0.318,1000,9.95571972225742,9.94938363963367,17.1972490031521
0.319,1000,9.95560639344986,9.95684072443286,17.552475048628
0.32,1000,9.95549320621481,9.96113176029919,17.4255949991615
0.321,1000,9.95538016037541,9.9655778935031,17.2933514703581
0.322,1000,9.95526725575503,9.97096668393097,17.3453617318932
0.323,1000,9.95515449217726,9.91517144775454,17.3478164138866
0.324,1000,9.95504186946589,9.93928902809146,17.4394725331665
0.325,1000,9.95492938744497,9.95593146715058,17.4954207090338
0.326,1000,9.95481704593873,9.93952829083232,17.4139320628659
0.327,1000,9.95470484477165,9.96535835128843,17.3863741973884
0.328,1000,9.9545927837684,9.9528458258777,17.4920521958101
0.329,1000,9.9544808627539,9.8773597991279,17.4834852870281
0.33,1000,9.95436908155326,9.96540449099457,17.5144516783225
0.331,1000,9.95425743999183,10.0204824353851,17.5400048938974
0.332,1000,9.95414593789517,10.0395256156206,17.4986588811494
0.333,1000,9.95403457508906,9.95752643534519,17.4685830753563
0.334,1000,9.95392335139949,9.97170009575191,17.4661150814203
0.335,1000,9.95381226665267,9.96934005092327,17.4606106705213
0.336,1000,9.95370132067503,9.94418871682142,17.642515370394
0.337,1000,9.95359051329323,9.97038022682565,17.6707017813746
0.338,1000,9.95347984433412,9.9938509798759,17.3896474949372
0.339,1000,9.95336931362479,10.0103238181304,17.396728654649
0.34,1000,9.95325892099253,9.95636667564152,17.4372009004457
0.341,1000,9.95314866626485,9.95551075059917,17.5163388492914
0.342,1000,9.95303854926948,9.93537341642128,17.4241525868798
0.343,1000,9.95292856983436,9.92166095655073,17.5292776106469
0.344,1000,9.95281872778765,9.92111742630452,17.2423380368338
0.345,1000,9.95270902295772,9.95242387008033,17.5403021639035
0.346,1000,9.95259945517315,9.96242609712681,17.6685069020787
0.347,1000,9.95249002426275,9.99290045190275,17.479801086313
0.348,1000,9.95238073005553,9.99380725499691,17.4232749877486
0.349,1000,9.95227157238073,9.95104042756547,17.5482343386495
0.35,1000,9.95216255106777,9.97089407537348,17.4237608613924
0.351,1000,9.95205366594631,9.99257099515708,17.4862623064826
0.352,1000,9.95194491684622,9.9605892165587,17.318720904331
0.353,1000,9.95183630359759,9.97036984570054,17.5424383305414
0.354,1000,9.9517278260307,9.92050313281845,17.557321981057
0.355,1000,9.95161948397605,9.93781127180019,17.7082447306862
0.356,1000,9.95151127726436,10.0038361567598,17.5631474021337
0.357,1000,9.95140320572657,9.99558387878791,17.525274672325
0.358,1000,9.95129526919379,9.86897107544227,17.4592989084973
0.359,1000,9.9511874674974,9.90818161769729,17.5350608438712
0.36,1000,9.95107980046894,9.9816364515437,17.4475157515455
0.361,1000,9.95097226794019,9.99547467640901,17.3961648407102
0.362,1000,9.95086486974312,9.95924260008571,17.4850544097095
0.363,1000,9.95075760570993,9.99601341639554,17.3191201344509
0.364,1000,9.95065047567301,9.96963027868737,17.4269198413241
0.365,1000,9.95054347946498,10.0000348098269,17.4825950112516
0.366,1000,9.95043661691866,9.89803960269902,17.52156537253
0.367,1000,9.95032988786706,9.96357787757218,17.6190356721662
0.368,1000,9.95022329214344,10.0140489138395,17.4522937707987
0.369,1000,9.95011682958122,9.98573364366805,17.4511005657129
0.37,1000,9.95001050001407,10.0076248043885,17.4316162499959
0.371,1000,9.94990430327584,9.93880187849055,17.6836150540649
0.372,1000,9.9497982392006,9.9364107606577,17.5763951244432
0.373,1000,9.94969230762263,9.92548853032324,17.3821045270797
0.374,1000,9.94958650837641,9.9322090670102,17.5346273404823
0.375,1000,9.94948084129662,9.90930971644659,17.3978338779723
0.376,1000,9.94937530621817,9.95254769864938,17.5997720297344
0.377,1000,9.94926990297614,9.91383113278971,17.5099104232953
0.378,1000,9.94916463140586,9.98612489270502,17.3226974331816
0.379,1000,9.94905949134283,10.014952555947,17.4881548903915
0.38,1000,9.94895448262278,9.96069134660054,17.6375563144287
0.381,1000,9.94884960508162,9.95124673830136,17.5050105460689
0.382,1000,9.94874485855548,9.9876862202897,17.5402592624752
0.383,1000,9.94864024288071,9.90026561915271,17.3760244841389
0.384,1000,9.94853575789383,9.96864926957087,17.2470978969727
0.385,1000,9.94843140343159,9.91333624464648,17.5419348572272
0.386,1000,9.94832717933093,9.91777205480881,17.5958691988998
0.387,1000,9.94822308542901,9.93562899588702,17.551756251464
0.388,1000,9.94811912156318,9.9720454083472,17.5377794239246
0.389,1000,9.94801528757099,9.93732948756707,17.5823250329914
0.39,1000,9.9479115832902,9.92877593684179,17.4583002135035
0.391,1000,9.94780800855878,9.98005653985652,17.563551779279
0.392,1000,9.9477045632149,9.91325902078682,17.4450789133275
0.393,1000,9.94760124709691,9.91153576813123,17.6209017209702
0.394,1000,9.94749806004338,9.95741098334864,17.4718378300829
0.395,1000,9.94739500189309,9.92814796792064,17.5536654939199
0.396,1000,9.947292072485,9.9590267267571,17.3132881692159
0.397,1000,9.9471892716583,9.96731786350157,17.4415223200344
0.398,1000,9.94708659925235,9.97300709529246,17.5300732326244
0.399,1000,9.94698405510673,9.89820435392611,17.2030895049318
0.4,1000,9.94688163906121,9.92933682995711,17.5719778569878
0.401,989,9.83736477809525,9.82042525977561,17.4697110588042
0.402,978,9.7278502924367,9.74466973113945,17.5036483487911
0.403,967,9.61833817771445,9.67505037229935,17.4621864007959
0.404,956,9.50882842956461,9.48963795622125,17.4458436781284
0.405,945,9.39932104363049,9.39283407017121,17.493897280104
0.406,934,9.28981601556259,9.29969571752066,17.4741453723376
0.407,923,9.1803133410186,9.19184004739697,17.4232739580683
0.408,912,9.07081301566337,9.11205071969763,17.589662155478
0.409,901,8.9613150351689,8.93776624527122,17.5289720506364
0.41,890,8.85181939521436,8.81531233536803,17.290889205124
0.411,879,8.74232609148604,8.72860483315581,17.5385234405479
0.412,868,8.63283511967736,8.68678886374626,17.4125712916251
0.413,857,8.52334647548886,8.48790167640121,17.5969006607087
0.414,846,8.41386015462817,8.47823460274891,17.6201005106696
0.415,835,8.30437615281001,8.33453296725421,17.5271314112144
0.416,824,8.1948944657562,8.16236384385262,17.4476854894652
0.417,813,8.08541508919562,8.01988295560429,17.4260794127577
0.418,802,7.9759380188642,8.02046031736594,17.5960463916413
0.419,791,7.86646325050493,7.86666446967193,17.5848286214283
0.42,780,7.75699077986782,7.73559085725003,17.6856063996639
0.421,769,7.64752060270994,7.7081711979996,17.6037454543734
0.422,758,7.53805271479534,7.49311969745076,17.4963734207289
0.423,747,7.42858711189508,7.49442609059051,17.371203161944
0.424,736,7.31912378978724,7.30284953288778,17.4127722109022
0.425,725,7.20966274425685,7.19164646259992,17.4611064609554
0.426,714,7.10020397109592,7.07522834626294,17.5492248250739
0.427,703,6.99074746610344,6.99002481705976,17.3707476698343
0.428,692,6.88129322508532,6.94461275415681,17.3994254768838
0.429,681,6.77184124385444,6.74182796778652,17.5658717605123
0.43,670,6.66239151823058,6.66233523869416,17.3252515254232
0.431,659,6.55294404404045,6.52057374086187,17.5056447045362
0.432,648,6.44349881711767,6.43202225814666,17.4698300648318
0.433,637,6.33405583330276,6.28919674122127,17.4160994776036
0.434,626,6.2246150884431,6.2101254864878,17.5096650389647
0.435,615,6.11517657839298,6.17266361589738,17.5492414390281
0.436,604,6.00574029901353,6.03355136719199,17.3126346224527
0.437,593,5.89630624617273,5.91427028555682,17.5171108100693
0.438,582,5.78687441574542,5.78665521096778,17.5663459360933
0.439,571,5.67744480361327,5.6434742728826,17.5921639595455
0.44,560,5.56801740566476,5.56748204466643,17.5389477135685
0.441,549,5.45859221779518,5.48711832792366,17.5279270953496
0.442,538,5.34916923590663,5.35388006170242,17.7011412930787
0.443,527,5.239748455908,5.23789253485718,17.4127272805856
0.444,516,5.13032987371494,5.10154310635235,17.685191429381
0.445,505,5.02091348524989,5.02347088963561,17.4679227834299
0.446,494,4.91149928644205,4.94960575303703,17.4754741112327
0.447,483,4.80208727322734,4.75116121995032,17.5013902978858
0.448,472,4.69267744154845,4.65973501171518,17.515081656566
0.449,461,4.58326978735476,4.59148725768021,17.5716018364949
0.45,450,4.4738643066024,4.45989145292006,17.6071028512009
0.451,450,4.47382106575031,4.46637856221505,17.4997440180227
0.452,450,4.47377787891552,4.54267598824328,17.5040248863922
0.453,450,4.47373474603055,4.5379410166504,17.4191536959084
0.454,450,4.47369166702799,4.41127704708093,17.5484477414719
0.455,450,4.47364864184055,4.43782388690086,17.5292960735841
0.456,450,4.473605670401,4.45703309591118,17.5033482251836
0.457,450,4.47356275264218,4.46003759224079,17.4103959015087
0.458,450,4.47351988849705,4.49632492154398,17.3654969067504
0.459,450,4.47347707789863,4.48492857795516,17.4679224344964
0.46,450,4.47343432078002,4.43256969196375,17.574372604056
0.461,450,4.47339161707442,4.42293599749465,17.5331149644321
0.462,450,4.47334896671511,4.55748939259233,17.526554140326
0.463,450,4.47330636963544,4.49980305397231,17.6757791641069
0.464,450,4.47326382576885,4.46879733425977,17.5154792849993
0.465,450,4.47322133504887,4.47907308364304,17.5022593123851
0.466,450,4.47317889740911,4.53647721844846,17.4776978093353
0.467,450,4.47313651278326,4.57121498013312,17.5931002065456
0.468,450,4.47309418110509,4.47287035806564,17.5235942064659
0.469,450,4.47305190230846,4.44264760684294,17.553443945317
0.47,450,4.47300967632731,4.40642229535929,17.3377058917865
0.471,450,4.47296750309566,4.43066952406432,17.4118624618174
0.472,450,4.47292538254762,4.49598576708244,17.5132288526442
0.473,450,4.47288331461737,4.50951857303472,17.4917139983542
0.474,450,4.47284129923918,4.56481895995948,17.5262540052166
0.475,450,4.4727993363474,4.47852459316575,17.5276197405699
0.476,450,4.47275742587647,4.49599130272954,17.3753232654972
0.477,450,4.4727155677609,4.49896349273599,17.4267290645975
0.478,450,4.47267376193528,4.46106054851795,17.4160871730946
0.479,450,4.4726320083343,4.50368582573475,17.5282715439668
0.48,450,4.47259030689271,4.47694414466208,17.6982343581124
0.481,450,4.47254865754536,4.44663856799634,17.52200468728
0.482,450,4.47250706022717,4.49640808186082,17.3614851667018
0.483,450,4.47246551487314,4.47071453153168,17.6029074244848
0.484,450,4.47242402141836,4.50142086663249,17.4837140402717
0.485,450,4.472382579798,4.50568045001559,17.3604371559943
0.486,450,4.4723411899473,4.4192143389068,17.4208243470847
0.487,450,4.47229985180159,4.44492940558667,17.5381282845088
0.488,450,4.47225856529628,4.42810561873984,17.548187221642
0.489,450,4.47221733036686,4.47248909960502,17.3164816544193
0.49,450,4.47217614694889,4.48717257150359,17.5171468299062
0.491,450,4.47213501497805,4.51300425797856,17.5660992975152
0.492,450,4.47209393439004,4.47927205594923,17.6791446976669
0.493,450,4.47205290512069,4.46692317873738,17.4647154187881
0.494,450,4.47201192710588,4.54707126129401,17.6018331429427
0.495,450,4.4719710002816,4.49016476100486,17.5618868966721
0.496,450,4.47193012458388,4.46973871026277,17.4071990686882
0.497,450,4.47188929994886,4.49910723495404,17.3110846157951
0.498,450,4.47184852631275,4.4473225095451,17.4258563537227
0.499,450,4.47180780361185,4.47990633323857,17.6795140472901
0.5,450,4.47176713178253,4.49546013889798,17.4697617714514
0.501,450,4.47172651076123,4.4878708478393,17.5440553697943
0.502,450,4.47168594048448,4.48442719096328,17.4237898823662
0.503,450,4.4716454208889,4.49287294905519,17.4651718121919
0.504,450,4.47160495191117,4.4972914889747,17.4941612807273
0.505,450,4.47156453348806,4.5005761185591,17.459413842453
0.506,450,4.47152416555641,4.47859088214345,17.467496949964
0.507,450,4.47148384805315,4.47700597725889,17.4429850274477
0.508,450,4.47144358091529,4.44699493723468,17.3726804475613
0.509,450,4.47140336407991,4.46593789683956,17.4552464011992
0.51,450,4.47136319748416,4.42448997720702,17.4562551052533
0.511,450,4.47132308106529,4.51812537644487,17.4823633248732
0.512,450,4.47128301476062,4.48058450564262,17.5347202036346
0.513,450,4.47124299850753,4.45463078792681,17.4543392003107
0.514,450,4.47120303224352,4.47248074276507,17.5670949104399
0.515,450,4.47116311590612,4.50081273486139,17.5303350228031
0.516,450,4.47112324943298,4.50102867957307,17.4746076126797
0.517,450,4.47108343276179,4.47809473586865,17.4609390525258
0.518,450,4.47104366583035,4.46613920076935,17.5023192767475
0.519,450,4.47100394857651,4.42274097991055,17.4756892969374
0.52,450,4.47096428093823,4.45108430340842,17.3420399078126
0.521,450,4.47092466285352,4.48417996357273,17.5919763838004
0.522,450,4.47088509426048,4.4816726561049,17.4218703327945
0.523,450,4.47084557509727,4.47664123661003,17.3967893542743
0.524,450,4.47080610530216,4.42955339226421,17.5560656062743
0.525,450,4.47076668481347,4.4522307702069,17.64816171643
0.526,450,4.47072731356961,4.53346597500848,17.6634265267895
0.527,450,4.47068799150906,4.48423972416929,17.5116221961351
0.528,450,4.47064871857037,4.4375842634584,17.6147288228587
0.529,450,4.47060949469219,4.48511983102197,17.6616469414114
0.53,450,4.47057031981322,4.45079846270056,17.2573930853985
0.531,450,4.47053119387227,4.41723405485013,17.4752797529912
0.532,450,4.47049211680818,4.38849568487216,17.6110496721631
0.533,450,4.4704530885599,4.51297966138393,17.3722824150703
0.534,450,4.47041410906646,4.47412881447314,17.4444143290954
0.535,450,4.47037517826695,4.44739960411404,17.5645728533447
0.536,450,4.47033629610053,4.47608315662772,17.5067647572384
0.537,450,4.47029746250646,4.49907492383933,17.5987337408047
0.538,450,4.47025867742405,4.49670976112191,17.4290591523119
0.539,450,4.47021994079271,4.48149249579615,17.5135780581748
0.54,450,4.47018125255191,4.42014081621805,17.6187063998942
0.541,450,4.47014261264119,4.54462217098318,17.3521635830293
0.542,450,4.47010402100019,4.40280488971466,17.4096045823047
0.543,450,4.47006547756861,4.43261059337502,17.4939801870573
0.544,450,4.47002698228621,4.40946209792892,17.3807960536874
0.545,450,4.46998853509285,4.45132080760432,17.5054648554323
0.546,450,4.46995013592847,4.48387873082169,17.4498875489152
0.547,450,4.46991178473305,4.45471873748258,17.6516285206313
0.548,450,4.46987348144667,4.40991971681324,17.4632385532038
0.549,450,4.46983522600949,4.45188524635595,17.5199838581145
0.55,450,4.46979701836174,4.4886534916268,17.758920509158
0.551,450,4.4697588584437,4.49207107764096,17.4350501854635
0.552,450,4.46972074619576,4.53666287520749,17.4209728207047
0.553,450,4.46968268155837,4.46959231709301,17.3439655842498
0.554,450,4.46964466447205,4.44058613725037,17.4855078559847
0.555,450,4.4696066948774,4.49487040723811,17.466204150178
0.556,450,4.4695687727151,4.44759599035869,17.386300454259
0.557,450,4.46953089792588,4.46024293097707,17.5241391434935
0.558,450,4.46949307045057,4.54368266457028,17.3830348330324
0.559,450,4.46945529023006,4.48647284570813,17.6068301960243
0.56,450,4.46941755720533,4.43287356772565,17.355297324677
0.561,450,4.46937987131741,4.46804157537015,17.5829486036879
0.562,450,4.46934223250742,4.48219302334435,17.4578699088181
0.563,450,4.46930464071655,4.48131155014171,17.3606273766345
0.564,450,4.46926709588606,4.55466145123614,17.4310593796656
0.565,450,4.46922959795729,4.45884363773416,17.4238942415834
0.566,450,4.46919214687165,4.53665648900221,17.476581948079
0.567,450,4.46915474257062,4.49797741916254,17.555163577073
0.568,450,4.46911738499575,4.47164683405106,17.5299697971583
0.569,450,4.46908007408868,4.47436819062248,17.3965716469696
0.57,450,4.46904280979111,4.47390882803272,17.4064202784671
0.571,450,4.46900559204481,4.51752462058251,17.6934114184625
0.572,450,4.46896842079163,4.43736782844417,17.5610781390403
0.573,450,4.46893129597348,4.53031662770901,17.3712397780885
0.574,450,4.46889421753237,4.50216642545198,17.5358931899541
0.575,450,4.46885718541035,4.46039795068417,17.3735672909171
0.576,450,4.46882019954957,4.50867662050191,17.5097168782908
0.577,450,4.46878325989223,4.47803802112416,17.4682087442425
0.578,450,4.46874636638061,4.49700530135529,17.5258577756021
0.579,450,4.46870951895707,4.47234108140864,17.3607387058408
0.58,450,4.46867271756404,4.49415525626192,17.4971216503083
0.581,450,4.46863596214401,4.43852266067481,17.4540570585319
0.582,450,4.46859925263955,4.54818908410914,17.5537212632746
0.583,450,4.4685625889933,4.45625568830851,17.4350889212226
0.584,450,4.46852597114798,4.49287982551008,17.4351153988528
0.585,450,4.46848939904637,4.41877836783106,17.768657852023
0.586,450,4.46845287263133,4.48711855573918,17.4472063119031
0.587,450,4.46841639184578,4.49989605078666,17.595297479561
0.588,450,4.46837995663272,4.47571453618249,17.4357599385287
0.589,450,4.46834356693523,4.41484373212576,17.3451885527656
0.59,450,4.46830722269645,4.46477657790581,17.7652830801616
0.591,450,4.46827092385957,4.40837283728801,17.530126562821
0.592,450,4.4682346703679,4.44679723596606,17.4978459673184
0.593,450,4.46819846216478,4.48417382792494,17.4726854976086
0.594,450,4.46816229919364,4.46735818285991,17.4963917121771
0.595,450,4.46812618139798,4.41825675662595,17.5255694602533
0.596,450,4.46809010872135,4.51557091346566,17.5236168657074
0.597,450,4.4680540811074,4.45123069124805,17.5012501036105
0.598,450,4.46801809849983,4.39365927268511,17.3646154599649
0.599,450,4.46798216084242,4.5105983274955,17.5494721124777
0.6,450,4.46794626807902,4.44510503099619,17.3413110802505
0.601,450,4.46791042015354,4.4793887112884,17.4768946556123
0.602,450,4.46787461700997,4.44976085175308,17.4993867772908
0.603,450,4.46783885859238,4.49044109238375,17.520790726148
0.604,450,4.46780314484488,4.43449808094605,17.5603362131788
0.605,450,4.46776747571168,4.46005166777079,17.6848162992333
0.606,450,4.46773185113704,4.41997733661337,17.4726597483771
0.607,450,4.46769627106529,4.49156984002211,17.4982444118551
0.608,450,4.46766073544085,4.41153798221315,17.6561811960546
0.609,450,4.46762524420819,4.54370231858316,17.4585680294253
0.61,450,4.46758979731186,4.45508716970031,17.6254199373971
0.611,450,4.46755439469646,4.45965717277518,17.4912460994
0.612,450,4.46751903630669,4.42568151410172,17.5471334322423
0.613,450,4.46748372208729,4.53224817649005,17.3822672025599
0.614,450,4.46744845198309,4.46873698355994,17.5770659261818
0.615,450,4.46741322593898,4.46195309893319,17.5593056888274
0.616,450,4.46737804389991,4.50809206025875,17.5838034667732
0.617,450,4.46734290581091,4.48247858315705,17.4386514523385
0.618,450,4.46730781161709,4.46542171536022,17.5094341397386
0.619,450,4.4672727612636,4.47745540959617,17.6871828521254
0.62,450,4.46723775469569,4.42565640191773,17.5057956146255
0.621,450,4.46720279185864,4.49026886349806,17.5710468877137
0.622,450,4.46716787269784,4.48367839451478,17.482297523509
0.623,450,4.46713299715872,4.49445521522015,17.5794906687368
0.624,450,4.46709816518679,4.46950567616415,17.4825768337555
0.625,450,4.46706337672763,4.44898311806158,17.4152965779438
0.626,450,4.46702863172687,4.51116331805326,17.6894333406409
0.627,450,4.46699393013022,4.50308819047149,17.5361886717323
0.628,450,4.46695927188348,4.50381775727488,17.3208571797912
0.629,450,4.46692465693248,4.57322873593402,17.3416529394053
0.63,450,4.46689008522313,4.46890327965798,17.5575243043947
0.631,450,4.46685555670142,4.49501560229633,17.6511370382944
0.632,450,4.4668210713134,4.48526044023177,17.5646730162068
0.633,450,4.46678662900519,4.45789996259683,17.4058834976508
0.634,450,4.46675222972296,4.45038295695371,17.4309533062162
0.635,450,4.46671787341298,4.45020405147397,17.3223116459447
0.636,450,4.46668356002155,4.48026847987843,17.4304860972172
0.637,450,4.46664928949506,4.44595579980914,17.6297847288717
0.638,450,4.46661506177997,4.44832463401768,17.5129560017262
0.639,450,4.4665808768228,4.46229307582216,17.4278986988864
0.64,450,4.46654673457012,4.47621592783901,17.6513022560467
0.641,450,4.4665126349686,4.43926006476595,17.6565748793019
0.642,450,4.46647857796495,4.48428331502121,17.4075819982967
0.643,450,4.46644456350596,4.4420839719709,17.60497300325
0.644,450,4.46641059153848,4.45376102308768,17.6625261009187
0.645,450,4.46637666200943,4.47053918094317,17.3627117222468
0.646,450,4.4663427748658,4.41120037425767,17.514807127598
0.647,450,4.46630893005463,4.56009805969525,17.4814640208979
0.648,450,4.46627512752304,4.43519193877431,17.4574895239642
0.649,450,4.46624136721823,4.51126593863654,17.4569258949285
0.65,450,4.46620764908743,4.4806772854593,17.4285926583094
0.651,450,4.46617397307796,4.4915984492851,17.5176113361796
0.652,450,4.4661403391372,4.46977171406739,17.4873513663975
0.653,450,4.46610674721261,4.45445618740112,17.317808424693
0.654,450,4.46607319725169,4.46466023188153,17.5583607474529
0.655,450,4.46603968920201,4.47135537641922,17.433192596993
0.656,450,4.46600622301124,4.45280267431566,17.5378119423001
0.657,450,4.46597279862707,4.43034095582324,17.5236510129373
0.658,450,4.46593941599727,4.44507359177763,17.4770796931849
0.659,450,4.4659060750697,4.44797529491385,17.6468618740451
0.66,450,4.46587277579225,4.4704176754582,17.6552539930254
0.661,450,4.46583951811288,4.512937100451,17.5861120075329
0.662,450,4.46580630197965,4.44626154120739,17.4966623346747
0.663,450,4.46577312734065,4.42326917615281,17.4190517946678
0.664,450,4.46573999414403,4.44376452126757,17.3186001737699
0.665,450,4.46570690233804,4.44091895695882,17.3622103072585
0.666,450,4.46567385187096,4.48832702361801,17.5422539092393
0.667,450,4.46564084269116,4.49396787789862,17.4881822077467
0.668,450,4.46560787474705,4.50305965781622,17.4764763455597
0.669,450,4.46557494798713,4.41044845429554,17.5637968407529
0.67,450,4.46554206235995,4.48225418507617,17.635183629591
0.671,450,4.46550921781412,4.44813206438072,17.4103646777154
0.672,450,4.46547641429832,4.38381291409166,17.393728611013
0.673,450,4.4654436517613,4.43602911149951,17.4679017449487
0.674,450,4.46541093015186,4.48837664745046,17.3867453819213
0.675,450,4.46537824941888,4.49373238170606,17.4685091396136
0.676,450,4.4653456095113,4.44562609886348,17.1266297184992
0.677,450,4.46531301037812,4.51042707119272,17.435309961507
0.678,450,4.46528045196839,4.44792434500188,17.5478118061843
0.679,450,4.46524793423125,4.50030367510707,17.5721911810353
0.68,450,4.46521545711589,4.49334334370635,17.4877440839762
0.681,450,4.46518302057155,4.49147320175194,17.5235426275999
0.682,450,4.46515062454757,4.45792343618402,17.4605997222657
0.683,450,4.46511826899332,4.47345237585263,17.54604203586
0.684,450,4.46508595385825,4.45872706968417,17.387992192585
0.685,450,4.46505367909186,4.42772596168347,17.473253661197
0.686,450,4.46502144464372,4.44954717683223,17.5888506563389
0.687,450,4.46498925046347,4.52821936703479,17.5904711711862
0.688,450,4.4649570965008,4.47968762762757,17.5483195121525
0.689,450,4.46492498270548,4.44714093803846,17.4891441823501
0.69,450,4.46489290902732,4.55197445395486,17.4501587353345
0.691,450,4.46486087541622,4.46642659070272,17.5559368433579
0.692,450,4.46482888182211,4.52165779887295,17.4168137631965
0.693,450,4.46479692819501,4.43435501230001,17.4279813134941
0.694,450,4.46476501448499,4.44446168846856,17.4491742794667
0.695,450,4.46473314064219,4.4754056014789,17.4542439527584
0.696,450,4.46470130661679,4.47626596987256,17.4566566008162
0.697,450,4.46466951235907,4.46968051366104,17.3857200511009
0.698,450,4.46463775781935,4.47662913658287,17.2544508187521
0.699,450,4.464606042948,4.5062773221501,17.5490388399792
0.7,450,4.46457436769547,4.40428895364003,17.4015355043186
0.701,450,4.46454273201227,4.50625967564943,17.3985204367943
0.702,450,4.46451113584897,4.39069372161989,17.6146024267952
0.703,450,4.4644795791562,4.38511725270016,17.5572347128112
0.704,450,4.46444806188466,4.44283974843639,17.4845775324271
0.705,450,4.46441658398509,4.5491813544066,17.5369115338955
0.706,450,4.46438514540831,4.44857744755848,17.6110158254332
0.707,450,4.4643537461052,4.49079654994549,17.6367266775643
0.708,450,4.4643223860267,4.48054948856219,17.4840073677382
0.709,450,4.46429106512381,4.45309069683863,17.6497936845853
0.71,450,4.46425978334759,4.47722797410793,17.3490463617337
0.711,450,4.46422854064916,4.43162050628602,17.5209143904846
0.712,450,4.4641973369797,4.46249748108225,17.5900682776072
0.713,450,4.46416617229047,4.51824834674826,17.417708946184
0.714,450,4.46413504653276,4.42933731385398,17.4159198510007
0.715,450,4.46410395965794,4.47933266095627,17.4063976576774
0.716,450,4.46407291161743,4.46518304152378,17.6305252234218
0.717,450,4.46404190236273,4.49672154622489,17.3193887265565
0.718,450,4.46401093184538,4.50154469719856,17.5340430764918
0.719,450,4.463980000017,4.46446307953343,17.4317586329213
0.72,450,4.46394910682924,4.43124001866404,17.5231755175896
0.721,450,4.46391825223384,4.4749347977804,17.4093712969155
0.722,450,4.4638874361826,4.49251354547425,17.5029888620606
0.723,450,4.46385665862735,4.48490239121327,17.6426706425098
0.724,450,4.46382591952001,4.41849788170901,17.2978767272165
0.725,450,4.46379521881255,4.46834413632041,17.6312285055376
0.726,450,4.463764556457,4.47495322460988,17.5644083531288
0.727,450,4.46373393240545,4.46733920284721,17.5642991861753
0.728,450,4.46370334661004,4.49070850744875,17.5666128548235
0.729,450,4.463672799023,4.50019837278541,17.5130180521905
0.73,450,4.46364228959659,4.44133669813673,17.5481381709234
0.731,450,4.46361181828313,4.45390422574935,17.4985401275858
0.732,450,4.46358138503502,4.50306933220756,17.4008947185576
0.733,450,4.4635509898047,4.48387152484018,17.3501411963692
0.734,450,4.46352063254468,4.48708561374502,17.4053521831423
0.735,450,4.46349031320754,4.49033362050449,17.443221798934
0.736,450,4.46346003174588,4.45235737462236,17.40497936536
0.737,450,4.46342978811241,4.49788859537761,17.3926439946076
0.738,450,4.46339958225986,4.48382969077905,17.557437145841
0.739,450,4.46336941414104,4.43676790487293,17.3121289037879
0.74,450,4.46333928370881,4.51802730158348,17.4933637081372
0.741,450,4.46330919091608,4.36792754354309,17.6764005464673
0.742,450,4.46327913571585,4.46351802177584,17.5136196584904
0.743,450,4.46324911806115,4.44604499173762,17.5376225313675
0.744,450,4.46321913790507,4.44463017507098,17.6715819928567
0.745,450,4.46318919520078,4.43806931519451,17.5046106127624
0.746,450,4.46315928990149,4.48471529312193,17.5483486508531
0.747,450,4.46312942196046,4.4618869194555,17.4394425284388
0.748,450,4.46309959133104,4.50144943999138,17.653984761308
0.749,450,4.46306979796661,4.52443921164268,17.3841038319454
0.75,450,4.46304004182062,4.46645720847182,17.4287645048355
0.751,450,4.46301032284657,4.42396091274868,17.605722228443
0.752,450,4.46298064099803,4.47812009171905,17.5571390915484
0.753,450,4.46295099622862,4.49233832148898,17.4839711586913
0.754,450,4.46292138849203,4.49703138278115,17.6161058023585
0.755,450,4.46289181774198,4.50020258060324,17.5381913070012
0.756,450,4.46286228393228,4.45077892288073,17.6248655167444
0.757,450,4.46283278701678,4.45326758837871,17.5425902788352
0.758,450,4.46280332694939,4.51552031592242,17.6075653683428
0.759,450,4.46277390368407,4.47341872533628,17.5254260013794
0.76,450,4.46274451717486,4.43800935750792,17.4850424410773
0.761,450,4.46271516737584,4.46699890182867,17.3851030816927
0.762,450,4.46268585424114,4.5365692781128,17.5331854868049
0.763,450,4.46265657772498,4.43770768338734,17.4146026496254
0.764,450,4.46262733778159,4.48794702699938,17.7185027211168
0.765,450,4.4625981343653,4.44211827957832,17.3642046188896
0.766,450,4.46256896743048,4.46239134961095,17.4529606947953
0.767,450,4.46253983693155,4.60996496100382,17.5624815989009
0.768,450,4.46251074282299,4.48388715332738,17.5068415450605
0.769,450,4.46248168505934,4.52924351020814,17.5012813777618
0.77,450,4.46245266359522,4.48725367657121,17.5951184320926
0.771,450,4.46242367838525,4.42885891354209,17.6497330064404
0.772,450,4.46239472938416,4.46669136193545,17.708970940441
0.773,450,4.46236581654672,4.46257058457538,17.4724835581282
0.774,450,4.46233693982775,4.38746704398348,17.5053350121136
0.775,450,4.46230809918212,4.41412723355844,17.4185035954648
0.776,450,4.46227929456478,4.44149361778556,17.498635132873
0.777,450,4.46225052593072,4.49274376293585,17.598952073827
0.778,450,4.46222179323498,4.42843339993195,17.4591874742817
0.779,450,4.46219309643268,4.47552176848737,17.382301748464
0.78,450,4.46216443547896,4.41976915047356,17.5784330017385
0.781,450,4.46213581032906,4.46682351610654,17.6110270133494
0.782,450,4.46210722093824,4.43685229144011,17.5886282292806
0.783,450,4.46207866726183,4.49640991364399,17.3557664892098
0.784,450,4.46205014925522,4.47655063205603,17.3780048372385
0.785,450,4.46202166687385,4.4679045543396,17.5659812287591
0.786,450,4.46199322007321,4.52304560162338,17.4439017352424
0.787,450,4.46196480880886,4.45244187405211,17.5461286422779
0.788,450,4.4619364330364,4.47015885577532,17.4909902530694
0.789,450,4.4619080927115,4.43400601711989,17.4985137501619
0.79,450,4.46187978778987,4.38009276474433,17.3955860533199
0.791,450,4.46185151822729,4.41472419233256,17.3751327108105
0.792,450,4.46182328397959,4.4137074275677,17.4068307330236
0.793,450,4.46179508500265,4.33993534853536,17.6413881068176
0.794,450,4.4617669212524,4.49417878966494,17.5073037940229
0.795,450,4.46173879268486,4.49291431639306,17.4489588623487
0.796,450,4.46171069925605,4.52945994804242,17.4284472239381
0.797,450,4.46168264092209,4.44063746859316,17.3035743895697
0.798,450,4.46165461763914,4.48495806846538,17.7250507020011
0.799,450,4.46162662936341,4.3999808783757,17.5829958375174
0.8,450,4.46159867605116,4.54327586600429,17.3782451721399
0.801,450,4.46157075765873,4.455832431727,17.5620714658104
0.802,450,4.46154287414249,4.55571159698281,17.6500557025074
0.803,450,4.46151502545886,4.47024820101041,17.4721071956316
0.804,450,4.46148721156434,4.44941546181804,17.5203015427369
0.805,450,4.46145943241547,4.51707866937161,17.5656170638905
0.806,450,4.46143168796885,4.40152041462321,17.4723198977285
0.807,450,4.46140397818111,4.44579723368805,17.5302441115328
0.808,450,4.46137630300897,4.42154844782802,17.3589535363593
0.809,450,4.46134866240918,4.41164666613934,17.57726398876
0.81,450,4.46132105633856,4.50365471201681,17.5638949364367
0.811,450,4.46129348475397,4.46558945493277,17.5551377334322
0.812,450,4.46126594761232,4.44315437874064,17.4192527578547
0.813,450,4.4612384448706,4.41490717584847,17.5416799941275
0.814,450,4.46121097648583,4.42732600757249,17.6308832506312
0.815,450,4.46118354241509,4.47463832363938,17.5197365031883
0.816,450,4.46115614261551,4.44388997682022,17.3942498032716
0.817,450,4.46112877704429,4.4831106660912,17.4267111253474
0.818,450,4.46110144565866,4.46622049744475,17.4481651538138
0.819,450,4.46107414841592,4.48109648501106,17.5231249750903
0.82,450,4.46104688527341,4.38637945524192,17.4058241413181
0.821,450,4.46101965618854,4.54604971117377,17.4449698974302
0.822,450,4.46099246111877,4.45531445218891,17.4322816863606
0.823,450,4.46096530002159,4.48329667618905,17.4131369764629
0.824,450,4.46093817285458,4.50413166144142,17.4273749196214
0.825,450,4.46091107957534,4.47652944370902,17.5106620422464
0.826,450,4.46088402014153,4.48412811667515,17.3654880246718
0.827,450,4.4608569945109,4.50473212367878,17.474239104325
0.828,450,4.46083000264119,4.49022719843535,17.5710860757267
0.829,450,4.46080304449024,4.47622443985843,17.537452015784
0.83,450,4.46077612001593,4.48857838599907,17.5593069231304
0.831,450,4.46074922917619,4.47290890069085,17.4823551749246
0.832,450,4.460722371929,4.51465087909087,17.3067603025144
0.833,450,4.46069554823239,4.40128120184065,17.441857207274
0.834,450,4.46066875804445,4.47621462930184,17.4222568850296
0.835,450,4.46064200132333,4.42520958636265,17.3817901762802
0.836,450,4.46061527802722,4.38279602360989,17.4924955866226
0.837,450,4.46058858811435,4.48917029185333,17.3510149148221
0.838,450,4.46056193154304,4.4403650437725,17.5426421014211
0.839,450,4.46053530827162,4.55420732038767,17.5336247939142
0.84,450,4.4605087182585,4.47355787407072,17.4200521565704
0.841,450,4.46048216146214,4.45156275324048,17.5917485851051
0.842,450,4.46045563784102,4.45013309593889,17.3007794736228
0.843,450,4.46042914735373,4.39085084558053,17.4671906255104
0.844,450,4.46040268995885,4.45345503877895,17.5566084719221
0.845,450,4.46037626561506,4.41668702847148,17.4820172659185
0.846,450,4.46034987428106,4.40652025947589,17.4313629095221
0.847,450,4.46032351591562,4.43029681782193,17.498035626884
0.848,450,4.46029719047755,4.4377070875251,17.418658240388
0.849,450,4.46027089792572,4.46309364405654,17.5217125872085
0.85,450,4.46024463821905,4.51371985745103,17.4883023187005
0.851,450,4.46021841131651,4.45478071260187,17.4923988256973
0.852,450,4.46019221717711,4.42190587460048,17.4420250582332
0.853,450,4.46016605575993,4.39310334165062,17.3849484799831
0.854,450,4.46013992702409,4.46800393476722,17.4380555116122
0.855,450,4.46011383092877,4.40168242368551,17.5104583470906
0.856,450,4.46008776743319,4.47379970423147,17.5626024788872
0.857,450,4.46006173649662,4.43744911985344,17.5779115414561
0.858,450,4.4600357380784,4.47841435324366,17.4648604715506
0.859,450,4.46000977213789,4.55211089151091,17.4481546405997
0.86,450,4.45998383863454,4.41970032847916,17.6628066911122
0.861,450,4.45995793752781,4.43385112288,17.5080119080483
0.862,450,4.45993206877723,4.4704074010787,17.489487196424
0.863,450,4.4599062323424,4.47484469961467,17.7997479927047
0.864,450,4.45988042818293,4.52837429937221,17.4590710940909
0.865,450,4.45985465625851,4.44026830568408,17.544543611058
0.866,450,4.45982891652887,4.47208160844412,17.5525855230319
0.867,450,4.45980320895379,4.46993358057148,17.5015880341959
0.868,450,4.4597775334931,4.47053683239437,17.521277667345
0.869,450,4.45975189010669,4.39080280144569,17.501195584358
0.87,450,4.45972627875449,4.49679901626014,17.6182655560731
0.871,450,4.45970069939648,4.43385712789331,17.4022217293659
0.872,450,4.45967515199268,4.5179037355886,17.5650384783761
0.873,450,4.4596496365032,4.44673162319689,17.6910169144946
0.874,450,4.45962415288815,4.42182496296826,17.3972859591138
0.875,450,4.45959870110771,4.51143344183262,17.3474550637804
0.876,450,4.45957328112213,4.47091945765979,17.483917710498
0.877,450,4.45954789289167,4.54193194238509,17.6056646618256
0.878,450,4.45952253637668,4.43535140962636,17.4663243844078
0.879,450,4.45949721153753,4.41020330192627,17.6572716415159
0.88,450,4.45947191833466,4.41321618087677,17.5629936470898
0.881,450,4.45944665672853,4.53832212955692,17.6158673984435
0.882,450,4.45942142667969,4.47639675215545,17.3586112380593
0.883,450,4.4593962281487,4.46299954813969,17.4663938210864
0.884,450,4.4593710610962,4.4915237467686,17.5353556427445
0.885,450,4.45934592548286,4.41130660762251,17.6314293862738
0.886,450,4.45932082126941,4.44980678932823,17.4487260084217
0.887,450,4.45929574841662,4.43491679465841,17.3675046747759
0.888,450,4.45927070688532,4.52483081678896,17.5408372212153
0.889,450,4.45924569663637,4.44489025139379,17.5040405644141
0.89,450,4.45922071763071,4.4478551054518,17.6137312323678
0.891,450,4.45919576982929,4.46952735448808,17.4660130868472
0.892,450,4.45917085319315,4.4770136974964,17.6306675546418
0.893,450,4.45914596768334,4.5719198339328,17.6067153068786
0.894,450,4.45912111326099,4.4682928785413,17.541602219712
0.895,450,4.45909628988725,4.56034814578477,17.7271880772331
0.896,450,4.45907149752335,4.45894897571102,17.5155946111176
0.897,450,4.45904673613054,4.47396234509511,17.3632229674376
0.898,450,4.45902200567013,4.4486475166812,17.5760172039247
0.899,450,4.45899730610349,4.44054557406507,17.5268149995176
0.9,450,4.45897263739202,4.55104615225166,17.4322177427931
0.901,450,4.45894799949717,4.52707599768971,17.3830367962552
0.902,450,4.45892339238045,4.47062405075767,17.4159092511296
0.903,450,4.45889881600341,4.42846439219411,17.534818659873
0.904,450,4.45887427032765,4.44641294117308,17.6016415822977
0.905,450,4.45884975531482,4.47909749124866,17.3781269942923
0.906,450,4.4588252709266,4.46583285216285,17.5695765493569
0.907,450,4.45880081712476,4.52324173385588,17.4878611802324
0.908,450,4.45877639387106,4.4464234196731,17.3653755500573
0.909,450,4.45875200112737,4.52690201143665,17.3330468517654
0.91,450,4.45872763885555,4.44619953383587,17.387843397223
0.911,450,4.45870330701755,4.41916280350684,17.4108467284699
0.912,450,4.45867900557534,4.40117771856823,17.4104593455656
0.913,450,4.45865473449096,4.45850751618518,17.4575592988507
0.914,450,4.45863049372648,4.44618864734114,17.4824728270715
0.915,450,4.45860628324403,4.40182369361463,17.6475958937751
0.916,450,4.45858210300577,4.46300952256457,17.5090270400232
0.917,450,4.45855795297393,4.47443073806543,17.3335515088224
0.918,450,4.45853383311076,4.4524428062266,17.4289172559257
0.919,450,4.45850974337859,4.41787657456767,17.5070692597168
0.92,450,4.45848568373978,4.46250299285298,17.5619868769826
0.921,450,4.45846165415672,4.49843031639141,17.5319260829839
0.922,450,4.45843765459188,4.46709812933006,17.5034269089089
0.923,450,4.45841368500775,4.49893083553413,17.3271817931731
0.924,450,4.45838974536688,4.42775924065515,17.6473632496556
0.925,450,4.45836583563187,4.4859810036004,17.630177564932
0.926,450,4.45834195576536,4.45758261469068,17.6604778163853
0.927,450,4.45831810573003,4.40769936523241,17.4712580560348
0.928,450,4.45829428548862,4.48294882209789,17.4671176246182
0.929,450,4.45827049500391,4.4546320856374,17.4872490883153
0.93,450,4.45824673423873,4.49814110578239,17.4398911492224
0.931,450,4.45822300315594,4.44434923682945,17.5401238066428
0.932,450,4.45819930171848,4.48728059353186,17.5049133144609
0.933,450,4.45817562988931,4.4642845191935,17.4307338195879
0.934,450,4.45815198763144,4.52461438411306,17.5740333420716
0.935,450,4.45812837490793,4.48616480872221,17.4988993199231
0.936,450,4.45810479168188,4.46449413558033,17.5149051874892
0.937,450,4.45808123791645,4.50901315483056,17.2615093486562
0.938,450,4.45805771357483,4.44325989732799,17.509978260966
0.939,450,4.45803421862026,4.50319227216433,17.4930191706412
0.94,450,4.45801075301605,4.42896922446504,17.4014526432567
0.941,450,4.45798731672551,4.44214673621569,17.6021242049616
0.942,450,4.45796390971203,4.51746420556693,17.513594123243
0.943,450,4.45794053193905,4.45116795622492,17.6501971084073
0.944,450,4.45791718337002,4.43779617297519,17.7355508578804
0.945,450,4.45789386396847,4.47878255570445,17.3152425661274
0.946,450,4.45787057369796,4.50203697338203,17.6192848568908
0.947,450,4.4578473125221,4.51847683017852,17.3914999590257
0.948,450,4.45782408040455,4.47238454432412,17.5581321107108
0.949,450,4.457800877309,4.52019522616617,17.6032774449211
0.95,450,4.4577777031992,4.46127841616148,17.4313480762209
0.951,450,4.45775455803894,4.44438474526817,17.6420375340029
0.952,450,4.45773144179205,4.47057902876513,17.6373120636429
0.953,450,4.45770835442242,4.4569835944764,17.5711986070149
0.954,450,4.45768529589398,4.43173732205261,17.3761300270306
0.955,450,4.45766226617069,4.43238786613022,17.3860585917659
0.956,450,4.45763926521657,4.48913714000875,17.4159561891892
0.957,450,4.45761629299567,4.44768132319265,17.3513592907312
0.958,450,4.45759334947212,4.47177220447047,17.4942231215924
0.959,450,4.45757043461005,4.52368424666229,17.5060182289524
0.96,450,4.45754754837367,4.53966723140472,17.6042403973445
0.961,450,4.4575246907272,4.42404719408881,17.3562502237539
0.962,450,4.45750186163495,4.40113457940459,17.4067814420579
0.963,450,4.45747906106123,4.43966378479472,17.3756612273703
0.964,450,4.45745628897043,4.51454840619579,17.5763204385636
0.965,450,4.45743354532696,4.49720384972417,17.4103335939348
0.966,450,4.45741083009527,4.45379238199193,17.4784427039496
0.967,450,4.45738814323989,4.44969383635228,17.519207198148
0.968,450,4.45736548472537,4.4697047409218,17.4588631663433
0.969,450,4.45734285451629,4.45624868152007,17.5124621867429
0.97,450,4.4573202525773,4.47995904016378,17.5444286117075
0.971,450,4.45729767887308,4.5034145790632,17.429911329774
0.972,450,4.45727513336836,4.42251170596919,17.3990678528144
0.973,450,4.45725261602792,4.48389791627433,17.2751932226183
0.974,450,4.45723012681657,4.46142645686451,17.4736811527974
0.975,450,4.45720766569918,4.48024952789219,17.4996313404686
0.976,450,4.45718523264063,4.41787474584202,17.3664838812492
0.977,450,4.4571628276059,4.49190884594982,17.4757134279744
0.978,450,4.45714045055996,4.46013190405101,17.4180844129423
0.979,450,4.45711810146785,4.49011086454375,17.3896259265264
0.98,450,4.45709578029465,4.38599706533,17.4344099274621
0.981,450,4.45707348700549,4.47880510451614,17.3134018055007
0.982,450,4.45705122156554,4.45276464608709,17.4192667683375
0.983,450,4.45702898393999,4.42897532979572,17.5809645046659
0.984,450,4.45700677409411,4.47103991776669,17.4571000618005
0.985,450,4.4569845919932,4.3923472902913,17.2907537373718
0.986,450,4.45696243760258,4.45280969897067,17.470601943929
0.987,450,4.45694031088766,4.44065116259047,17.4582519240502
0.988,450,4.45691821181385,4.37138922671181,17.65969440677
0.989,450,4.45689614034662,4.47135881096383,17.477801547068
0.99,450,4.45687409645149,4.4493212668633,17.4965197121883
0.991,450,4.45685208009402,4.43282383522597,17.408622149266
0.992,450,4.4568300912398,4.45304731858439,17.5876391369344
0.993,450,4.45680812985447,4.45630504922885,17.4693129375478
0.994,450,4.45678619590373,4.49978280961793,17.718594533943
0.995,450,4.4567642893533,4.43151737277497,17.3798282943659
0.996,450,4.45674241016894,4.424056384872,17.4527908940642
0.997,450,4.45672055831649,4.40690913978702,17.4688150609854
0.998,450,4.45669873376178,4.46843956144082,17.512334777347
0.999,450,4.45667693647072,4.45307522941101,17.4473162877302
1,450,4.45665516640926,4.47428281857177,17.6351972029133
1.001,451,4.46653705337346,4.46142720247249,17.3147961074252
1.002,452,4.47641887098503,4.55118032674696,17.3666975851957
1.003,453,4.48630061939088,4.50650033455317,17.5383842461529
1.004,454,4.49618229873768,4.49011245382517,17.4816163716616
1.005,455,4.50606390917182,4.59785445637585,17.6631837088122
1.006,456,4.51594545083945,4.51896548814927,17.567372542224
1.007,457,4.52582692388646,4.58316217668354,17.5229147116352
1.008,458,4.53570832845848,4.50824271052909,17.5534040586626
1.009,459,4.54558966470088,4.57453614141658,17.5202601503882
1.01,460,4.55547093275879,4.61319024314511,17.5739615106629
1.011,461,4.56535213277705,4.56533480915303,17.54038703719
1.012,462,4.57523326490028,4.60119585251221,17.4179907468602
1.013,463,4.58511432927283,4.55886234924373,17.2998488783614
1.014,464,4.59499532603879,4.67455971419962,17.3701970697858
1.015,465,4.60487625534202,4.56059049178711,17.7357665814328
1.016,466,4.61475711732608,4.59297742688306,17.3555251957113
1.017,467,4.62463791213432,4.64752103562498,17.4468868865457
1.018,468,4.63451863990981,4.64132555069514,17.4348769930624
1.019,469,4.6443993007954,4.5927716331532,17.4319730646849
1.02,470,4.65427989493365,4.72884421264089,17.5944709316319
1.021,471,4.66416042246688,4.74384297027563,17.5644019242382
1.022,472,4.67404088353718,4.6619816711687,17.6629646814882
1.023,473,4.68392127828636,4.73108374997202,17.5018170972532
1.024,474,4.693801606856,4.64664375832529,17.5288137335388
1.025,475,4.70368186938741,4.74859629684901,17.4917814132035
1.026,476,4.71356206602167,4.76271825167028,17.6364566191232
1.027,477,4.7234421968996,4.72359271318628,17.4282628664826
1.028,478,4.73332226216177,4.76272786230752,17.3356799559724
1.029,479,4.74320226194851,4.74200470053474,17.4421153859174
1.03,480,4.75308219639989,4.77227360270626,17.6245376621713
1.031,481,4.76296206565574,4.80104007608668,17.3974391323582
1.032,482,4.77284186985565,4.72849373192056,17.4984534974659
1.033,483,4.78272160913894,4.78955553427149,17.5031263915
1.034,484,4.79260128364471,4.83751401396932,17.4080120150318
1.035,485,4.80248089351179,4.86899452775452,17.4194131356526
1.036,486,4.81236043887879,4.80558150025329,17.5334569372284
1.037,487,4.82223991988404,4.85927437596145,17.475290018289
1.038,488,4.83211933666566,4.81523774058861,17.3940981643374
1.039,489,4.84199868936151,4.84318785131245,17.6907813596663
1.04,490,4.8518779781092,4.80265233871062,17.4989913920713
1.041,491,4.86175720304611,4.83147373608002,17.4458766128088
1.042,492,4.87163636430935,4.87495723493339,17.4125835885093
1.043,493,4.88151546203584,4.91780014280553,17.460555761981
1.044,494,4.89139449636219,4.91427157863729,17.5565699195199
1.045,495,4.90127346742482,4.90577777760332,17.4485272287688
1.046,496,4.91115237535988,4.9341812934993,17.274098539861
1.047,497,4.9210312203033,4.86126022778957,17.4773950111776
1.048,498,4.93091000239074,4.98789097135879,17.4634818999716
1.049,499,4.94078872175765,4.97081100565465,17.4929470864707
1.05,500,4.95066737853922,5.02753233562936,17.5723528151876
1.051,501,4.9605459728704,5.03041939999441,17.4953182175701
1.052,502,4.97042450488592,4.94925403336168,17.5276101826434
1.053,503,4.98030297472025,4.99533344466331,17.5273993647707
1.054,504,4.99018138250762,4.98821718658065,17.4848289095355
1.055,505,5.00005972838205,5.01849357981385,17.527779271355
1.056,506,5.00993801247729,5.0337712583533,17.4698709576727
1.057,507,5.01981623492686,5.01254081454408,17.2743981547157
1.058,508,5.02969439586405,5.03901160598047,17.5349874070909
1.059,509,5.03957249542192,5.00050465373988,17.3942520919508
1.06,510,5.04945053373327,5.06315819566673,17.4324259366385
1.061,511,5.05932851093069,5.08146591164769,17.522315115198
1.062,512,5.06920642714652,5.04295511718829,17.4928007341617
1.063,513,5.07908428251286,5.08769957290274,17.5239095946792
1.064,514,5.0889620771616,5.10391687854708,17.6201243158677
1.065,515,5.09883981122435,5.13959480414926,17.6305074102123
1.066,516,5.10871748483253,5.12785219941073,17.3956928388733
1.067,517,5.11859509811732,5.16007819920288,17.298648608504
1.068,518,5.12847265120964,5.12297178505676,17.5049586217788
1.069,519,5.1383501442402,5.14462781957545,17.3656886333988
1.07,520,5.14822757733947,5.0399375170862,17.6246705151536
1.071,521,5.15810495063768,5.19790097243153,17.4035088613713
1.072,522,5.16798226426486,5.15921250022024,17.4476261480626
1.073,523,5.17785951835076,5.25892408929161,17.6548575741881
1.074,524,5.18773671302493,5.14346617095884,17.5151271012982
1.075,525,5.1976138484167,5.21261138087546,17.6736610162463
1.076,526,5.20749092465514,5.18124833981184,17.373192892552
1.077,527,5.2173679418691,5.23080432241549,17.501168393331
1.078,528,5.22724490018721,5.15978855557485,17.5113400117957
1.079,529,5.23712179973786,5.21974973469519,17.413890347733
1.08,530,5.24699864064922,5.20567775100614,17.36774042331
1.081,531,5.25687542304922,5.13597034080727,17.5198376506109
1.082,532,5.26675214706557,5.2728238061317,17.588854512019
1.083,533,5.27662881282576,5.28079801672937,17.6203362971621
1.084,534,5.28650542045703,5.28683498473486,17.4701811261579
1.085,535,5.29638197008642,5.27763793160031,17.5585189244834
1.086,536,5.30625846184072,5.38273035133991,17.6309044674287
1.087,537,5.31613489584651,5.36589256517418,17.5247981545969
1.088,538,5.32601127223014,5.39762216819112,17.5455783866762
1.089,539,5.33588759111772,5.41470007839106,17.8025357552727
1.09,540,5.34576385263515,5.38685239882814,17.3341802799659
1.091,541,5.35564005690811,5.36230059794347,17.6274578189885
1.092,542,5.36551620406205,5.31831718594267,17.6742347886407
1.093,543,5.37539229422218,5.36014560262216,17.551279740246
1.094,544,5.38526832751351,5.39129511003231,17.5891013139457
1.095,545,5.39514430406081,5.39499275408423,17.5131966157106
1.096,546,5.40502022398864,5.44088427063603,17.537255257186
1.097,547,5.41489608742132,5.37860172587433,17.519705694946
1.098,548,5.42477189448297,5.38113685650525,17.4454126299364
1.099,549,5.43464764529748,5.38989423323716,17.3972297905217
1.1,550,5.4445233399885,5.43196798075936,17.3717158975103
1.101,551,5.45439897867949,5.42440268914898,17.5510526478523
1.102,552,5.46427456149366,5.45820682201983,17.4298632799606
1.103,553,5.47415008855401,5.51446581679169,17.4236805893555
1.104,554,5.48402555998334,5.37013160920802,17.5694892695688
1.105,555,5.4939009759042,5.45179540069343,17.638110040826
1.106,556,5.50377633643893,5.525445920455,17.5172787173612
1.107,557,5.51365164170966,5.5308392626939,17.5569872919281
1.108,558,5.52352689183831,5.56886074440905,17.557741228301
1.109,559,5.53340208694654,5.50867810934027,17.4577607909228
1.11,560,5.54327722715584,5.51845649475091,17.3986451370134
1.111,561,5.55315231258744,5.56679949050355,17.4124643715123
1.112,562,5.5630273433624,5.55924881011248,17.4792200191166
1.113,563,5.57290231960153,5.47778268210958,17.3763373311306
1.114,564,5.58277724142542,5.54593027569409,17.517905477842
1.115,565,5.59265210895446,5.60559228792488,17.4378931252913
1.116,566,5.60252692230882,5.62186637809591,17.5452264564211
1.117,567,5.61240168160845,5.63279003454609,17.5082111865425
1.118,568,5.6222763869731,5.65693880426017,17.5602612031377
1.119,569,5.63215103852228,5.6193653850594,17.5180839517422
1.12,570,5.64202563637531,5.63565208191969,17.5477175387571
1.121,571,5.65190018065127,5.65662836522637,17.7005992190183
1.122,572,5.66177467146905,5.67563226963521,17.3912042933844
1.123,573,5.67164910894732,5.62978209757279,17.5041436771611
1.124,574,5.68152349320454,5.62910700858868,17.5600571807007
1.125,575,5.69139782435893,5.73142366399033,17.4718233053953
1.126,576,5.70127210252854,5.68080423689346,17.3823110209222
1.127,577,5.71114632783118,5.73075305263341,17.504481900908
1.128,578,5.72102050038446,5.63887630873376,17.4472354612259
1.129,579,5.73089462030577,5.74994991845358,17.4597034167251
1.13,580,5.74076868771229,5.73353915388307,17.6637380841646
1.131,581,5.750642702721,5.74166949236287,17.549534383648
1.132,582,5.76051666544867,5.71214846006796,17.3069184691537
1.133,583,5.77039057601183,5.76840514184223,17.3162186668724
1.134,584,5.78026443452684,5.79110624449118,17.3268490951186
1.135,585,5.79013824110983,5.73422451939069,17.4350198545201
1.136,586,5.80001199587672,5.73760962826619,17.4208699770709
1.137,587,5.80988569894324,5.84798341721224,17.6274441245549
1.138,588,5.81975935042488,5.79073169488995,17.6068768997584
1.139,589,5.82963295043695,5.85415266424477,17.5869123880872
1.14,590,5.83950649909454,5.85411360283341,17.5999962504924
1.141,591,5.84937999651254,5.76400247362237,17.6386674064242
1.142,592,5.85925344280562,5.88107251379654,17.4184969045597
1.143,593,5.86912683808826,5.82954235420087,17.5466895327204
1.144,594,5.87900018247473,5.92243232631175,17.5244034649925
1.145,595,5.88887347607907,5.83154889504126,17.4063474513188
1.146,596,5.89874671901515,5.85259090240271,17.4657599237916
1.147,597,5.90861991139661,5.92996505014024,17.6068088310596
1.148,598,5.9184930533369,5.90463291668994,17.4637625575325
1.149,599,5.92836614494927,5.95960675743465,17.4008090287257
1.15,600,5.93823918634673,5.95486513757852,17.5595474059408
1.151,601,5.94811217764213,5.95537846610141,17.4928513035654
1.152,602,5.95798511894809,5.95642417217577,17.5252259442277
1.153,603,5.96785801037705,5.96524368565963,17.2995571983923
1.154,604,5.97773085204121,5.98342219242143,17.6309902944198
1.155,605,5.9876036440526,6.01018014508157,17.5960989457282
1.156,606,5.99747638652303,6.01804004312407,17.6304723980986
1.157,607,6.00734907956413,5.95233436417473,17.4529603076931
1.158,608,6.0172217232873,6.01536650070049,17.6081865686521
1.159,609,6.02709431780376,6.00850426255407,17.5307064299901
1.16,610,6.03696686322452,6.0546666814074,17.6911314392001
1.161,611,6.04683935966039,6.0543972985659,17.5602052703632
1.162,612,6.05671180722198,6.00819103820894,17.4405725437568
1.163,613,6.0665842060197,6.11237119256778,17.6838852829937
1.164,614,6.07645655616377,6.13841043838576,17.3804318098971
1.165,615,6.08632885776418,6.09211619601157,17.6199751973933
1.166,616,6.09620111093077,6.08862205310464,17.4584547627387
1.167,617,6.10607331577314,6.16528932231708,17.6166986445283
1.168,618,6.1159454724007,6.10817668431285,17.3859794630222
1.169,619,6.12581758092269,6.12825266791985,17.550335661185
1.17,620,6.13568964144811,6.11943582888255,17.4834979073648
1.171,621,6.14556165408578,6.14249073628625,17.5938983299717
1.172,622,6.15543361894435,6.1422905860385,17.3959666004092
1.173,623,6.16530553613223,6.26111025904118,17.4970457106143
1.174,624,6.17517740575767,6.13855822025618,17.3616628319418
1.175,625,6.18504922792868,6.24185680533676,17.5357087784559
1.176,626,6.19492100275313,6.21207023624256,17.4616829775036
1.177,627,6.20479273033865,6.17593804879335,17.4890409366609
1.178,628,6.2146644107927,6.22143028044437,17.3970711672313
1.179,629,6.22453604422252,6.2329215819275,17.4613151107656
1.18,630,6.2344076307352,6.18901340352029,17.479719154569
1.181,631,6.24427917043758,6.28480995397083,17.4666247114102
1.182,632,6.25415066343635,6.28061694193861,17.5397571804143
1.183,633,6.26402210983798,6.30281559058981,17.3386659493254
1.184,634,6.27389350974877,6.29937971865069,17.5718319218278
1.185,635,6.28376486327481,6.2680300863985,17.4085966733961
1.186,636,6.29363617052199,6.28227689219795,17.4779750108022
1.187,637,6.30350743159604,6.34689637342848,17.6316199856481
1.188,638,6.31337864660246,6.25529032276225,17.5262467259938
1.189,639,6.32324981564659,6.27049040086769,17.3272956351509
1.19,640,6.33312093883356,6.29410200456543,17.5800231229304
1.191,641,6.34299201626831,6.34532760442107,17.5636531920854
1.192,642,6.3528630480556,6.36558056992873,17.696716157708
1.193,643,6.36273403429999,6.35418253197694,17.4965401026444
1.194,644,6.37260497510586,6.40297343689831,17.5091883070014
1.195,645,6.38247587057737,6.32295108798593,17.4809883767825
1.196,646,6.39234672081855,6.40845323157191,17.5557722159945
1.197,647,6.40221752593318,6.40941364964825,17.6782045751557
1.198,648,6.41208828602488,6.46656247059421,17.4115131842769
1.199,649,6.42195900119708,6.507694147499,17.4957262871119
1.2,650,6.43182967155303,6.50384769806946,17.4774366979607
1.201,651,6.44170029719576,6.37456582171577,17.4670993997202
1.202,652,6.45157087822815,6.4174385380687,17.5544620068638
1.203,653,6.46144141475287,6.44599796944783,17.5026743893206
1.204,654,6.47131190687242,6.4345037233914,17.5337452436331
1.205,655,6.4811823546891,6.51317010100162,17.644590437081
1.206,656,6.49105275830502,6.5300651775068,17.3590798543327
1.207,657,6.50092311782211,6.48290197744225,17.4578252273551
1.208,658,6.51079343334213,6.57769840102745,17.5686000662643
1.209,659,6.52066370496663,6.55714495311355,17.4345589091934
1.21,660,6.53053393279699,6.47917073693918,17.5829261163146
1.211,661,6.54040411693439,6.55679066127887,17.6275420522371
1.212,662,6.55027425747984,6.48910404577884,17.5538061859064
1.213,663,6.56014435453418,6.53146605557704,17.4307553320863
1.214,664,6.57001440819802,6.54714915692846,17.379075720212
1.215,665,6.57988441857183,6.61426237621022,17.3451808389032
1.216,666,6.58975438575587,6.58008638293914,17.6608954252637
1.217,667,6.59962430985025,6.6060904611196,17.3966802815317
1.218,668,6.60949419095485,6.56212183737848,17.3408394671564
1.219,669,6.61936402916941,6.63903583840103,17.6025952576745
1.22,670,6.62923382459346,6.60465935471077,17.5713389062326
1.221,671,6.63910357732637,6.61536980381835,17.4645806040219
1.222,672,6.64897328746731,6.6452920017841,17.4638408217675
1.223,673,6.65884295511527,6.73040792803046,17.4993463647221
1.224,674,6.66871258036908,6.69546326214548,17.5396287536201
1.225,675,6.67858216332738,6.69159486841508,17.3992416108684
1.226,676,6.6884517040886,6.68801029766944,17.3891733932216
1.227,677,6.69832120275103,6.66593367578778,17.5515520883034
1.228,678,6.70819065941277,6.67847935765349,17.4414054628032
1.229,679,6.71806007417172,6.71282123686496,17.4944906915335
1.23,680,6.72792944712564,6.70244754339705,17.4826946429926
1.231,681,6.73779877837206,6.6852535262261,17.3657048825147
1.232,682,6.74766806800838,6.73576483685674,17.7370211775931
1.233,683,6.7575373161318,6.77961662244695,17.5820869928985
1.234,684,6.76740652283933,6.72735035607861,17.4259203144615
1.235,685,6.77727568822782,6.71770090277956,17.4085013769115
1.236,686,6.78714481239395,6.7528357664102,17.4239638525897
1.237,687,6.79701389543421,6.83696323377651,17.6822614629421
1.238,688,6.80688293744489,6.8217432036337,17.524501429764
1.239,689,6.81675193852216,6.81937908870533,17.5315379348498
1.24,690,6.82662089876196,6.88333326530478,17.4055058661353
1.241,691,6.83648981826009,6.80810043877363,17.4152414494891
1.242,692,6.84635869711215,6.83725587477834,17.3368624604683
1.243,693,6.85622753541357,6.86863781219647,17.6173194389967
1.244,694,6.86609633325963,6.85294968335319,17.4171130473046
1.245,695,6.8759650907454,6.93174577344454,17.5147295832755
1.246,696,6.8858338079658,6.96022838042424,17.5178265427337
1.247,697,6.89570248501556,6.92551860271542,17.5420674808075
1.248,698,6.90557112198924,6.87548687068043,17.3445100110623
1.249,699,6.91543971898125,6.96950389923062,17.4946069420999
1.25,700,6.92530827608578,6.90816893875464,17.4131886068675
1.251,701,6.93517679339688,6.96463983666531,17.540311370884
1.252,702,6.94504527100843,6.95861240559847,17.2936397233694
1.253,703,6.95491370901412,6.99476516650886,17.5395436855558
1.254,704,6.96478210750748,6.94070791741136,17.498240636072
1.255,705,6.97465046658186,7.07296453776661,17.6173120234597
1.256,706,6.98451878633044,6.99891500671664,17.364250745349
1.257,707,6.99438706684625,7.02191402866059,17.6396032767737
1.258,708,7.0042553082221,7.02777674365994,17.4331924495407
1.259,709,7.01412351055068,7.05315827190184,17.4479825136548
1.26,710,7.02399167392449,7.04209298874113,17.4508441871986
1.261,711,7.03385979843584,7.01344581213949,17.4033566951181
1.262,712,7.04372788417691,7.05950480412382,17.5166505477489
1.263,713,7.05359593123968,7.04261028220736,17.3737373081889
1.264,714,7.06346393971597,7.05341115703272,17.6444453118276
1.265,715,7.07333190969743,7.1185229221874,17.3878738944042
1.266,716,7.08319984127554,6.96612500334498,17.6179158414613
1.267,717,7.09306773454162,7.15476628657216,17.2134619309672
1.268,718,7.10293558958681,7.17846717732109,17.5208882080852
1.269,719,7.11280340650209,7.06568328402557,17.2583482281456
1.27,720,7.12267118537827,7.12306130018515,17.5270911915931
1.271,721,7.13253892630599,7.11633458464019,17.6087462461716
1.272,722,7.14240662937573,7.17031546567732,17.5147545193388
1.273,723,7.1522742946778,7.16070748884892,17.4117073520244
1.274,724,7.16214192230233,7.25809254579769,17.5085591903232
1.275,725,7.1720095123393,7.14577713391052,17.5104185696792
1.276,726,7.18187706487853,7.17815918335378,17.5301873362993
1.277,727,7.19174458000966,7.26920562671652,17.5542400032001
1.278,728,7.20161205782216,7.200542788415,17.7556885419094
1.279,729,7.21147949840535,7.24230389048565,17.5979656924968
1.28,730,7.22134690184837,7.26792701154878,17.5605600402449
1.281,731,7.23121426824022,7.23379341071591,17.3968450117015
1.282,732,7.24108159766971,7.32369448581373,17.372052715634
1.283,733,7.25094889022549,7.32595628089752,17.5005978574917
1.284,734,7.26081614599605,7.27812185863518,17.7067457108592
1.285,735,7.27068336506974,7.26131409692313,17.5455069841661
1.286,736,7.2805505475347,7.34934201490994,17.4916943300219
1.287,737,7.29041769347894,7.23390690328425,17.4743015320814
1.288,738,7.3002848029903,7.29192342967294,17.5716412096537
1.289,739,7.31015187615647,7.33654666796232,17.6218285111756
1.29,740,7.32001891306494,7.29298776148814,17.3611900440595
1.291,741,7.32988591380307,7.35827071007771,17.6121208369383
1.292,742,7.33975287845806,7.36097017087827,17.4542366258964
1.293,743,7.34961980711693,7.33979566593953,17.4370326328663
1.294,744,7.35948669986655,7.32236152735642,17.3136313037991
1.295,745,7.36935355679363,7.29535881994557,17.5192244855043
1.296,746,7.37922037798471,7.38151754145767,17.5559569229265
1.297,747,7.38908716352619,7.37595213652105,17.44442081124
1.298,748,7.39895391350428,7.4131016498166,17.5376700144481
1.299,749,7.40882062800506,7.44796656063477,17.4340353039238
1.3,750,7.41868730711442,7.43635167722226,17.4816068455778
1.301,751,7.42855395091813,7.43236987135642,17.6170586386723
1.302,752,7.43842055950177,7.37130279125079,17.484893147248
1.303,753,7.44828713295076,7.40563645330524,17.4461365237098
1.304,754,7.45815367135038,7.53323734154946,17.5473452470647
1.305,755,7.46802017478574,7.49623297812218,17.5488963399367
1.306,756,7.4778866433418,7.46665541521391,17.3038490354824
1.307,757,7.48775307710336,7.57122536055457,17.5826777175615
1.308,758,7.49761947615504,7.52775955928814,17.5038999238799
1.309,759,7.50748584058135,7.5420322295231,17.526420968655
1.31,760,7.51735217046661,7.51667054050954,17.4815239257219
1.311,761,7.52721846589497,7.50688140389149,17.4260718947879
1.312,762,7.53708472695046,7.54029031634075,17.550160722251
1.313,763,7.54695095371694,7.53235858092141,17.5284107789911
1.314,764,7.5568171462781,7.59137144497078,17.5441015502591
1.315,765,7.56668330471749,7.55926980728656,17.601894984376
1.316,766,7.5765494291185,7.5484466826727,17.4827582439109
1.317,767,7.58641551956437,7.61674761847407,17.5052759613719
1.318,768,7.59628157613817,7.63441313407655,17.5081409947651
1.319,769,7.60614759892283,7.60572723793234,17.4179448613659
1.32,770,7.61601358800112,7.63999152213098,17.2130701513585
1.321,771,7.62587954345567,7.61039311169482,17.4414120015901
1.322,772,7.63574546536893,7.64747176270958,17.503068344181
1.323,773,7.64561135382321,7.67305211635441,17.5581199102537
1.324,774,7.65547720890066,7.69132323775855,17.5344965502049
1.325,775,7.6653430306833,7.71166759442541,17.5151863523591
1.326,776,7.67520881925298,7.64330011484966,17.5135760539084
1.327,777,7.68507457469138,7.66113313470454,17.4319354584483
1.328,778,7.69494029708006,7.67879645486223,17.4487912459665
1.329,779,7.70480598650042,7.76694873695166,17.4397175599698
1.33,780,7.71467164303368,7.72994099384068,17.6255140160345
1.331,781,7.72453726676095,7.78222604009382,17.5601015938525
1.332,782,7.73440285776316,7.71633867431532,17.5634885534264
1.333,783,7.7442684161211,7.73276607082931,17.6139608022385
1.334,784,7.75413394191541,7.75451503896056,17.5221388823195
1.335,785,7.76399943522657,7.80182746378455,17.5643373698074
1.336,786,7.77386489613493,7.83676853873803,17.424081770874
1.337,787,7.78373032472066,7.83910709851036,17.5977196622238
1.338,788,7.79359572106381,7.76550840838011,17.3622522398097
1.339,789,7.80346108524426,7.85212326532613,17.3366888222512
1.34,790,7.81332641734175,7.88062614693232,17.3979874201416
1.341,791,7.82319171743587,7.75443964303427,17.6489142939624
1.342,792,7.83305698560606,7.92569278065094,17.5453205161601
1.343,793,7.84292222193161,7.8599277776537,17.4721445506021
1.344,794,7.85278742649166,7.81120630674515,17.5583578039541
1.345,795,7.86265259936522,7.83010230734625,17.5725159727142
1.346,796,7.87251774063112,7.92815759713728,17.5637862416407
1.347,797,7.88238285036807,7.88681949841563,17.3845037931811
1.348,798,7.89224792865462,7.94166877501798,17.6332404735435
1.349,799,7.90211297556917,7.92888948518882,17.3262439628011
1.35,800,7.91197799118999,7.94998717688862,17.4787595675613
1.351,801,7.92184297559518,7.91038925797197,17.444154979942
1.352,802,7.93170792886272,7.91292769054472,17.6012080089321
1.353,803,7.94157285107042,7.96365779422977,17.4157034333129
1.354,804,7.95143774229596,7.95945803942417,17.4758099549485
1.355,805,7.96130260261686,7.9930933588505,17.7156388247563
1.356,806,7.97116743211051,7.96553367226239,17.7038896455069
1.357,807,7.98103223085414,8.02827327654905,17.3889723104034
1.358,808,7.99089699892486,8.02992562242714,17.3293648168989
1.359,809,8.00076173639959,8.03292080525558,17.5202660437918
1.36,810,8.01062644335516,8.05665457220024,17.5839817001303
1.361,811,8.02049111986823,7.95243625532967,17.5444007112025
1.362,812,8.0303557660153,8.01919497698119,17.6856267099877
1.363,813,8.04022038187275,8.03955780418057,17.488907618401
1.364,814,8.05008496751681,8.07771445266313,17.6900465499993
1.365,815,8.05994952302356,7.99409078374988,17.5283757646979
1.366,816,8.06981404846896,8.07052219274839,17.5580584759444
1.367,817,8.07967854392879,8.10210011660961,17.5825841132778
1.368,818,8.08954300947871,8.05437155767093,17.5199445111131
1.369,819,8.09940744519424,8.06109148964334,17.4676161015172
1.37,820,8.10927185115076,8.09320347264542,17.6418175954647
1.371,821,8.11913622742349,8.14279636608078,17.4370336554178
1.372,822,8.12900057408753,8.15562900731471,17.4175669855416
1.373,823,8.13886489121783,8.15141901475986,17.5394863652083
1.374,824,8.14872917888918,8.18389712581435,17.409123078776
1.375,825,8.15859343717627,8.22591753244602,17.3220473532739
1.376,826,8.16845766615361,8.19318571435731,17.4403511038767
1.377,827,8.17832186589559,8.2327756885388,17.3855255746446
1.378,828,8.18818603647646,8.22553132326056,17.5344990904205
1.379,829,8.19805017797033,8.26844333099343,17.5891560772642
1.38,830,8.20791429045115,8.20451432527821,17.5982290116531
1.381,831,8.21777837399276,8.21453625911681,17.4574015159508
1.382,832,8.22764242866885,8.20295524617189,17.4179564691677
1.383,833,8.23750645455296,8.243535072039,17.5283665884755
1.384,834,8.24737045171851,8.23521896898109,17.4303226207095
1.385,835,8.25723442023876,8.21797216957193,17.3772528368733
1.386,836,8.26709836018685,8.28804007985356,17.625419909271
1.387,837,8.27696227163577,8.28573198088608,17.5906386969923
1.388,838,8.28682615465839,8.29871970814296,17.6239117120574
1.389,839,8.29669000932742,8.32744820619657,17.5038607539923
1.39,840,8.30655383571545,8.30905726541752,17.5660965334402
1.391,841,8.31641763389492,8.31946734917657,17.5336800490583
1.392,842,8.32628140393813,8.42661843414272,17.5508752378115
1.393,843,8.33614514591727,8.32196183190429,17.4875734917382
1.394,844,8.34600885990437,8.31683418279421,17.410677511254
1.395,845,8.35587254597132,8.35881892080838,17.6120214792287
1.396,846,8.3657362041899,8.32869317366253,17.4804839791375
1.397,847,8.37559983463172,8.42168745015047,17.5629833131226
1.398,848,8.38546343736829,8.41743137992169,17.5846009418437
1.399,849,8.39532701247095,8.39749641313331,17.5252161989672
1.4,850,8.40519056001094,8.40622688959342,17.5696527880995
1.401,850.314107590781,8.4082716808623,8.4591647034766,17.3676901678375
1.402,850.627905195293,8.41134974917585,8.36232806382669,17.3888563791592
1.403,850.941083133185,8.41442170273998,8.41516257297111,17.4486947363871
1.404,851.253332335643,8.4174844854262,8.46559303393108,17.4524443806833
1.405,851.564344650402,8.42053505020508,8.42920322521607,17.5902956665673
1.406,851.873813145857,8.4235703621531,8.40489598424957,17.3458960193858
1.407,852.181432413965,8.42658740144754,8.45345823154549,17.5907795085334
1.408,852.486898871648,8.4295831663465,8.45750860627956,17.5608456079196
1.409,852.789911060392,8.43255467615099,8.49551653647908,17.4385579113297
1.41,853.090169943749,8.43549897414632,8.41631615313273,17.394901077907
1.411,853.387379202453,8.43841313051971,8.48485207670637,17.2994868523441
1.412,853.681245526847,8.44129424525141,8.45889324190563,17.5831323434681
1.413,853.971478906348,8.44413945097638,8.41971391041766,17.5368960776552
1.414,854.257792915651,8.44694591581372,8.51816576964733,17.4814524579374
1.415,854.539904997396,8.44971084616105,8.43492233324838,17.6191615657688
1.416,854.817536741017,8.45243148945115,8.46267832594833,17.4087484193387
1.417,855.090414157504,8.45510513686805,8.37395784863847,17.7086254828506
1.418,855.35826794979,8.45772912601992,8.41024604909568,17.4524868331
1.419,855.620833778521,8.46030084356616,8.47796299362335,17.3370199663589
1.42,855.877852522925,8.46281772779608,8.46504231244623,17.3981159766465
1.421,856.12907053653,8.46527727115656,8.50957276351381,17.4833197746456
1.422,856.374239897487,8.46767702272629,8.50779406748036,17.5910202981104
1.423,856.613118653236,8.47001459063412,8.48564826831425,17.5375940684875
1.424,856.845471059287,8.47228764441908,8.48466349055204,17.4840233557196
1.425,857.071067811865,8.47449391732983,8.45080509992378,17.5585131989474
1.426,857.289686274214,8.47663120856119,8.4208758989601,17.5648580926657
1.427,857.501110696305,8.4786973854256,8.45223936669787,17.4487342800906
1.428,857.705132427758,8.48069038545736,8.45841026478523,17.5450377814745
1.429,857.901550123757,8.4826082184475,8.45761853451682,17.7119357910058
1.43,858.090169943749,8.48444896840739,8.4705496627899,17.5052522952128
1.431,858.270805742746,8.48621079545909,8.56257892994846,17.6079030894198
1.432,858.44327925502,8.48789193765056,8.50636335835487,17.5083889064221
1.433,858.607420270039,8.48949071269395,8.50898985070933,17.68942413454
1.434,858.763066800439,8.4910055196253,8.48565281854582,17.3857702155183
1.435,858.910065241884,8.49243484038397,8.46885539699778,17.7131898156217
1.436,859.04827052466,8.49377724131018,8.49265064912441,17.6957768951063
1.437,859.17754625684,8.49503137455936,8.51448213469678,17.4681570751477
1.438,859.297764858882,8.49619597943176,8.49626186171555,17.4842231883823
1.439,859.408807689542,8.49726988361598,8.50913700670181,17.5374773200763
1.44,859.510565162951,8.4982520043454,8.47858633852108,17.4555934165797
1.441,859.602936856769,8.49914134946614,8.51517759265177,17.5344043042436
1.442,859.685831611286,8.49993701841565,8.56732900200153,17.5365749934817
1.443,859.759167619387,8.50063820311083,8.53683219354066,17.4560616493446
1.444,859.822872507287,8.501244188745,8.53129901050251,17.4392748359707
1.445,859.876883405951,8.5017543544927,8.45639788583696,17.5239342458027
1.446,859.921147013145,8.50216817412183,8.44567605841427,17.4950786886432
1.447,859.955619646031,8.50248521651237,8.59418305438061,17.6448147663163
1.448,859.980267284283,8.50270514608127,8.50786653554035,17.3925708885596
1.449,859.995065603657,8.50282772311307,8.48431554253899,17.4659952419058
1.45,860,8.50285280399591,8.55067088949102,17.5609940064518
1.451,859.995065603657,8.50278034136261,8.47911374827688,17.651650473337
1.452,859.980267284283,8.50261038413694,8.52136020748276,17.5705223608926
1.453,859.955619646031,8.50234307748471,8.47195444086642,17.3926637921221
1.454,859.921147013145,8.50197866266998,8.53852536324933,17.4855284533968
1.455,859.876883405951,8.50151747681635,8.47786141103089,17.3970855992273
1.456,859.822872507287,8.50095995257378,8.48275195498377,17.3599104345955
1.457,859.759167619387,8.500306617691,8.55401407496285,17.601015941923
1.458,859.685831611286,8.49955809449417,8.51406412804148,17.59379285547
1.459,859.602936856769,8.49871509927218,8.50331061610479,17.4706432261803
1.46,859.510565162952,8.49777844156925,8.46859035381587,17.5129566363759
1.461,859.408807689542,8.49674902338542,8.53011616667651,17.5257277672078
1.462,859.297764858882,8.49562783828592,8.58059856944938,17.5564076793606
1.463,859.17754625684,8.49441597042015,8.44267967847327,17.5043523836153
1.464,859.04827052466,8.49311459345118,8.50416743233177,17.4670797002362
1.465,858.910065241884,8.49172496939705,8.54120892588473,17.584572653993
1.466,858.763066800439,8.49024844738483,8.50098180025762,17.7150009479814
1.467,858.607420270039,8.48868646231869,8.51766663801034,17.5710063700508
1.468,858.44327925502,8.48704053346339,8.52428388134883,17.4734863865647
1.469,858.270805742746,8.48531226294446,8.5222553028326,17.4073358785167
1.47,858.09016994375,8.48350333416672,8.49693584208507,17.4832600915352
1.471,857.901550123757,8.48161551015243,8.46669194965371,17.6447235472312
1.472,857.705132427758,8.4796506318011,8.481991625262,17.4610208335682
1.473,857.501110696305,8.47761061607224,8.50341988075663,17.4015700404177
1.474,857.289686274214,8.4754974540932,8.41828940812904,17.4456742717388
1.475,857.071067811865,8.47331320919379,8.4958851701475,17.5395397030047
1.476,856.845471059287,8.47106001486966,8.54409928300531,17.5908361283598
1.477,856.613118653237,8.46874007267639,8.46588560991049,17.4455676090103
1.478,856.374239897487,8.46635565005655,8.44566257627599,17.4506688599051
1.479,856.12907053653,8.46390907810163,8.45813091011025,17.5734027741665
1.48,855.877852522925,8.46140274925123,8.48264314121927,17.4453630192574
1.481,855.620833778521,8.45883911493172,8.42911423817661,17.615581147491
1.482,855.35826794979,8.4562206831367,8.50982968372916,17.4334776531922
1.483,855.090414157504,8.4535500159516,8.55269485406738,17.4742353288264
1.484,854.817536741017,8.45082972702503,8.48539760609188,17.6164945788253
1.485,854.539904997396,8.44806247898909,8.46009097342304,17.477556828915
1.486,854.257792915651,8.44525098083154,8.46024076225893,17.4691629531255
1.487,853.971478906348,8.44239798522206,8.45952033596177,17.5291021972828
1.488,853.681245526847,8.43950628579559,8.43196689155333,17.4131913020622
1.489,853.387379202453,8.43657871439509,8.43809090428336,17.4446115271071
1.49,853.09016994375,8.43361813827674,8.43647397679095,17.5560962076523
1.491,852.789911060392,8.43062745728014,8.49288619114469,17.5961255589247
1.492,852.486898871649,8.4276096009664,8.4059426784734,17.3522200955697
1.493,852.181432413965,8.42456752572688,8.48760881871821,17.5568571290753
1.494,851.873813145857,8.42150421186549,8.39483843719013,17.4633232576808
1.495,851.564344650402,8.41842266065743,8.43702862586203,17.6628029806315
1.496,851.253332335643,8.41532589138723,8.4341308808894,17.6781560521959
1.497,850.941083133185,8.41221693836897,8.4280375224208,17.6183818188554
1.498,850.627905195293,8.40909884795181,8.43612075342799,17.5752354542152
1.499,850.314107590781,8.40597467551359,8.43772943027957,17.4508636233635
1.5,850,8.40284748244546,8.47619339100817,17.4714163639004
1.501,849.685892409219,8.39972033313076,8.42522427313211,17.4849448788094
1.502,849.372094804707,8.39659629192084,8.31568808756167,17.5042611089884
1.503,849.058916866815,8.39347842011095,8.37600873091562,17.5132606280713
1.504,848.746667664357,8.39036977291914,8.41765108308142,17.4998001932268
1.505,848.435655349598,8.3872733964713,8.43036968113073,17.5091837375605
1.506,848.126186854143,8.38419232479498,8.4125615065946,17.4361537561532
1.507,847.818567586035,8.38112957682535,8.4153332046968,17.3684082929114
1.508,847.513101128351,8.37808815342598,8.44421963362253,17.3587601598382
1.509,847.210088939608,8.37507103442745,8.31961969988254,17.4647454875959
1.51,846.909830056251,8.37208117568683,8.30706558648323,17.4988577470459
1.511,846.612620797547,8.36912150617071,8.31570412650258,17.5456243768295
1.512,846.318754473153,8.36619492506486,8.39615601831804,17.3829106848245
1.513,846.028521093652,8.36330429891331,8.35591167564413,17.5486989155295
1.514,845.742207084349,8.36045245878958,8.42967423559323,17.6836133211006
1.515,845.460095002605,8.35764219750298,8.3978739730974,17.3561886138495
1.516,845.182463258983,8.35487626684268,8.42074317771866,17.5038359994163
1.517,844.909585842496,8.35215737486228,8.35209830962137,17.4113716151866
1.518,844.64173205021,8.34948818320755,8.34394664562101,17.5547877152713
1.519,844.379166221479,8.34687130448994,8.38418442367875,17.5475052834424
1.52,844.122147477075,8.34430929970856,8.31514218993937,17.4557129366263
1.521,843.87092946347,8.34180467572307,8.40228159794338,17.6190684007976
1.522,843.625760102513,8.33935988278003,8.39185404929871,17.5392607709737
1.523,843.386881346764,8.33697731209509,8.33696042078179,17.5891839405915
1.524,843.154528940713,8.33465929349347,8.39298083638472,17.4309717013234
1.525,842.928932188135,8.33240809311107,8.3594604760632,17.509810198304
1.526,842.710313725786,8.33022591115839,8.3448373239312,17.6500026330717
1.527,842.498889303695,8.32811487974956,8.3336749992133,17.5694576957541
1.528,842.294867572242,8.32607706079853,8.40182190712493,17.5190461902468
1.529,842.098449876243,8.32411444398461,8.39326106886532,17.4988788465429
1.53,841.90983005625,8.32222894478927,8.37746045171632,17.6546315941777
1.531,841.729194257254,8.32042240260617,8.32603890455409,17.2909319993371
1.532,841.55672074498,8.31869657892629,8.32045118746666,17.3910053104807
1.533,841.392579729961,8.31705315559999,8.30821741513174,17.5418125050747
1.534,841.236933199561,8.31549373317755,8.29856013102829,17.4374211094319
1.535,841.089934758116,8.31401982933013,8.3153497213606,17.4352623827341
1.536,840.95172947534,8.31263287735237,8.28531720524855,17.3564359766526
1.537,840.82245374316,8.31133422474834,8.32914955780916,17.3795723103376
1.538,840.702235141118,8.31012513190212,8.36104294982714,17.3243488744427
1.539,840.591192310458,8.30900677083444,8.36218360157306,17.2351508051035
1.54,840.489434837048,8.30798022404641,8.2991284475352,17.5775417532221
1.541,840.397063143231,8.3070464834517,8.25834919137263,17.4123105319773
1.542,840.314168388714,8.30620644939805,8.31312428729632,17.418079849285
1.543,840.240832380613,8.30546092977922,8.25976660806183,17.4470897919274
1.544,840.177127492713,8.30481063923808,8.32770391078033,17.7183919351851
1.545,840.123116594049,8.30425619846186,8.33242730077645,17.3205383898988
1.546,840.078852986855,8.30379813356998,8.29983416353621,17.3607174815945
1.547,840.044380353969,8.30343687559534,8.33551382724209,17.4587957832791
1.548,840.019732715717,8.30317276005935,8.2985410211809,17.4432384519144
1.549,840.004934396343,8.30300602664127,8.33087479240506,17.6277543531469
1.55,840,8.30293681894211,8.31402550534232,17.6354711030715
1.551,840.004934396343,8.30296518434336,8.29473338865199,17.4951061113096
1.552,840.019732715717,8.30309107396068,8.33926069973182,17.4898864032924
1.553,840.044380353969,8.30331434269257,8.34123167263873,17.6653937143216
1.554,840.078852986855,8.303634749364,8.28100373316944,17.2544646372129
1.555,840.123116594049,8.30405195696483,8.31488823261149,17.3906263031557
1.556,840.177127492713,8.30456553298288,8.30778605936677,17.6876022066948
1.557,840.240832380612,8.30517494983114,8.25500833910502,17.5966752933311
1.558,840.314168388714,8.30587958536887,8.2599183259301,17.4948427041958
1.559,840.397063143231,8.30667872351598,8.25646762592158,17.4272158245249
1.56,840.489434837048,8.30757155496014,8.38412926102778,17.4687783240454
1.561,840.591192310458,8.30855717795586,8.29324632870575,17.5498152689349
1.562,840.702235141118,8.30963459921478,8.29163373300711,17.4707133582637
1.563,840.82245374316,8.31080273488636,8.40029859398592,17.4904147140554
1.564,840.95172947534,8.31206041162783,8.36925172534789,17.7183257207048
1.565,841.089934758116,8.31340636776257,8.37341862978667,17.5449119167332
1.566,841.236933199561,8.31483925452553,8.39023025312116,17.4817303702932
1.567,841.392579729961,8.31635763739471,8.41266705652133,17.4747137921955
1.568,841.55672074498,8.31795999750718,8.28131594774114,17.4959507443528
1.569,841.729194257254,8.31964473315834,8.34747330863609,17.4971291204207
1.57,841.90983005625,8.32141016138298,8.32367954022303,17.4839980746711
1.571,842.098449876243,8.32325451961642,8.32264126699906,17.6191579761827
1.572,842.294867572242,8.3251759674343,8.31473735165697,17.7075175545769
1.573,842.498889303695,8.32717258836915,8.35130777349515,17.4347923161215
1.574,842.710313725786,8.32924239180197,8.3846438229607,17.4903335587678
1.575,842.928932188134,8.33138331492705,8.41049893393428,17.4983522226296
1.576,843.154528940713,8.33359322478793,8.26961745174992,17.5535596186646
1.577,843.386881346763,8.33586992038262,8.27248613677918,17.6309068021629
1.578,843.625760102513,8.33821113483604,8.35534630357524,17.6657924846236
1.579,843.87092946347,8.34061453763726,8.27663928121448,17.5114356320621
1.58,844.122147477075,8.34307773693978,8.3071062448086,17.3860542118808
1.581,844.379166221479,8.34559828192207,8.25387488768329,17.3053668829077
1.582,844.64173205021,8.34817366520651,8.37169250033348,17.3913967124108
1.583,844.909585842496,8.35080132533403,8.38469855269998,17.5692652858657
1.584,845.182463258983,8.35347864929211,8.36797681493359,17.5110672933991
1.585,845.460095002604,8.35620297509366,8.34541159311346,17.4928265847127
1.586,845.742207084349,8.35897159440424,8.39357272358204,17.4866617424366
1.587,846.028521093652,8.36178175521495,8.31685029964627,17.4985561517907
1.588,846.318754473153,8.36463066455847,8.33404746832454,17.6863303003166
1.589,846.612620797547,8.36751549126546,8.45430892129885,17.4301312228898
1.59,846.90983005625,8.37043336875868,8.37034793836827,17.5153811494325
1.591,847.210088939608,8.37338139788202,8.31921008883026,17.4147405280764
1.592,847.513101128351,8.37635664976166,8.42518913531347,17.4568777868617
1.593,847.818567586035,8.37935616869657,8.42347607239697,17.5063290405731
1.594,848.126186854143,8.38237697507547,8.41880549063112,17.5294737768742
1.595,848.435655349598,8.38541606831732,8.48607638984198,17.7429895360537
1.596,848.746667664357,8.38847042983256,8.39424524249639,17.672630386618
1.597,849.058916866815,8.39153702600209,8.40695783924586,17.4878980997361
1.598,849.372094804707,8.394612811171,8.43144352695524,17.5487189186786
1.599,849.685892409219,8.3976947306543,8.41965517370847,17.3888584059952
1.6,850,8.4007797237514,8.39313280113638,17.3699570813986
1.601,850.314107590781,8.40386472676663,8.37467251766526,17.4809629715278
1.602,850.627905195293,8.4069466760326,8.39540951433172,17.6165181036264
1.603,850.941083133185,8.41002251093364,8.40242281238275,17.578220548874
1.604,851.253332335643,8.41308917692607,8.48144095844604,17.5817738057082
1.605,851.564344650402,8.41614362855261,8.39580171923291,17.6356196444824
1.606,851.873813145857,8.41918283244768,8.44312814938842,17.5911819563094
1.607,852.181432413965,8.42220377033086,8.42601570565262,17.6618815488895
1.608,852.486898871649,8.42520344198538,8.47456817801704,17.4570003312994
1.609,852.789911060392,8.42817886821877,8.44256474674065,17.5434262068338
1.61,853.090169943749,8.43112709380284,8.46122731673646,17.512171861315
1.611,853.387379202453,8.43404519038986,8.47456694123239,17.556810004482
1.612,853.681245526847,8.43693025940229,8.44001181342014,17.4378986997958
1.613,853.971478906348,8.43977943489312,8.47159847484905,17.5962156418294
1.614,854.257792915651,8.44258988637396,8.43538246021845,17.5795624157469
1.615,854.539904997396,8.44535882160812,8.4448444962389,17.582913718959
1.616,854.817536741017,8.44808348936596,8.48802394734289,17.4774077133485
1.617,855.090414157504,8.45076118213978,8.4309150914676,17.6925626742426
1.618,855.35826794979,8.45338923881544,8.50268393394411,17.6327486981198
1.619,855.620833778521,8.45596504729835,8.46278790216295,17.4663019580359
1.62,855.877852522925,8.45848604709092,8.43590690923801,17.503059449984
1.621,856.12907053653,8.46094973181917,8.48302369350661,17.4076784279334
1.622,856.374239897487,8.4633536517059,8.5176543743505,17.5451869162627
1.623,856.613118653236,8.46569541598798,8.51320563600654,17.5872294144808
1.624,856.845471059287,8.46797269527538,8.46352215754334,17.3343174190531
1.625,857.071067811865,8.47018322384968,8.48602735809243,17.4369684071459
1.626,857.289686274214,8.47232480189968,8.45237907110514,17.4092933013002
1.627,857.501110696305,8.47439529769197,8.53893983842565,17.439464627635
1.628,857.705132427758,8.47639264967433,8.4944073709676,17.399586743634
1.629,857.901550123757,8.47831486850983,8.49417580225442,17.59833810047
1.63,858.090169943749,8.4801600390397,8.508248525252,17.3321194749233
1.631,858.270805742746,8.48192632217294,8.56627443598015,17.437697917959
1.632,858.44327925502,8.48361195670088,8.53055694667906,17.6269298642636
1.633,858.607420270039,8.48521526103488,8.52734444623299,17.664728042316
1.634,858.763066800439,8.4867346348654,8.5299051044424,17.5856683779908
1.635,858.910065241884,8.48816856074096,8.49224341402385,17.5319947689036
1.636,859.04827052466,8.4895156055652,8.49668070394311,17.5301148993483
1.637,859.17754625684,8.49077442201076,8.45303495058712,17.4221925020973
1.638,859.297764858882,8.49194374984848,8.48721971474349,17.4349336594937
1.639,859.408807689542,8.4930224171907,8.46307882967062,17.4388961987334
1.64,859.510565162951,8.49400934164727,8.50203492453116,17.311258581972
1.641,859.602936856769,8.49490353139337,8.54187327245777,17.4935172620096
1.642,859.685831611286,8.49570408614778,8.5268291079137,17.3514263928115
1.643,859.759167619387,8.49641019806099,8.50894944334951,17.4595393132886
1.644,859.822872507287,8.49702115251196,8.4879459546373,17.2798025602849
1.645,859.876883405951,8.49753632881292,8.51932861933478,17.4172327594451
1.646,859.921147013145,8.49795520082148,8.50737747570649,17.5323953500773
1.647,859.955619646031,8.49827733745937,8.56106591244731,17.4128280718261
1.648,859.980267284283,8.49850240313749,8.54146656725205,17.450985094562
1.649,859.995065603657,8.49863015808657,8.58360615357707,17.5545624593005
1.65,860,8.49866045859341,8.53447388506068,17.5121870315436
1.651,859.995065603657,8.49859325714221,8.54898146303808,17.5015443178189
1.652,859.980267284283,8.49842860246104,8.48366867455903,17.3972347657964
1.653,859.955619646031,8.49816663947333,8.482706706364,17.525378050985
1.654,859.921147013145,8.49780760915437,8.52856178351118,17.3952284132912
1.655,859.876883405951,8.49735184829309,8.46440467593508,17.5587887807224
1.656,859.822872507287,8.49679978915924,8.63339340874784,17.497990923668
1.657,859.759167619387,8.49615195907637,8.42897065349672,17.5926584824653
1.658,859.685831611286,8.495408979901,8.48668002300466,17.6704552327021
1.659,859.602936856769,8.49457156740853,8.49926587340348,17.4581152731168
1.66,859.510565162952,8.49364053058638,8.51603929349879,17.5328508454107
1.661,859.408807689542,8.49261677083527,8.54320935162029,17.5309726319903
1.662,859.297764858882,8.49150128107921,8.47097150142909,17.5645704874961
1.663,859.17754625684,8.49029514478523,8.44539015505384,17.5939777819697
1.664,859.04827052466,8.48899953489371,8.52484942057152,17.6316113169903
1.665,858.910065241884,8.48761571266047,8.51229545388269,17.4690900271384
1.666,858.763066800439,8.48614502641168,8.45798868753042,17.4232473844433
1.667,858.607420270039,8.48458891021284,8.55536645675262,17.5138969297676
1.668,858.44327925502,8.4829488824532,8.45101928651955,17.4611434374471
1.669,858.270805742746,8.48122654434694,8.48743810345412,17.5949525313573
1.67,858.09016994375,8.47942357835257,8.45553836828675,17.4096118573199
1.671,857.901550123757,8.47754174651227,8.51546106829154,17.6212882063138
1.672,857.705132427758,8.47558288871263,8.49180953516233,17.5491493833876
1.673,857.501110696305,8.47354892086855,8.53374709522118,17.3677129103946
1.674,857.289686274214,8.4714418330322,8.51706083436588,17.402818436495
1.675,857.071067811866,8.46926368742876,8.39733891198512,17.5017129563373
1.676,856.845471059287,8.46701661642097,8.47403010731703,17.6346496568811
1.677,856.613118653236,8.46470282040446,8.47113765358881,17.5903712958514
1.678,856.374239897487,8.46232456563598,8.45177358845401,17.3755274264898
1.679,856.12907053653,8.4598841819966,8.4424032390778,17.3600307649056
1.68,855.877852522925,8.45738406069216,8.42041518494235,17.3871980929547
1.681,855.620833778521,8.45482665189321,8.46534832376574,17.4431710952105
1.682,855.35826794979,8.45221446231677,8.52100260152198,17.558956576085
1.683,855.090414157504,8.44955005275228,8.44803773444591,17.5735009680757
1.684,854.817536741017,8.4468360355342,8.53750291317432,17.6631300924246
1.685,854.539904997396,8.44407507196381,8.37859306783627,17.4065691968339
1.686,854.257792915651,8.44126986968258,8.47040541733779,17.3981357283021
1.687,853.971478906348,8.43842317999996,8.36765024183487,17.4573405798863
1.688,853.681245526847,8.43553779517799,8.4658863595134,17.635532000545
1.689,853.387379202453,8.43261654567552,8.46037298104813,17.4993571666551
1.69,853.09016994375,8.42966229735478,8.39492173411311,17.3889173915603
1.691,852.789911060392,8.426677948653,8.50529456991534,17.2227044015002
1.692,852.486898871649,8.42366642772191,8.43684441550608,17.4044053126503
1.693,852.181432413965,8.4206306895379,8.46589020705161,17.5305213442284
1.694,851.873813145857,8.41757371298575,8.49358153167774,17.4041910540156
1.695,851.564344650402,8.41449849791875,8.46737954352148,17.528321532644
1.696,851.253332335643,8.41140806219819,8.42155391797571,17.4666234275445
1.697,850.941083133185,8.40830543871501,8.50165324153656,17.551118043249
1.698,850.627905195293,8.4051936723967,8.47538416415718,17.583672029585
1.699,850.314107590781,8.40207581720233,8.39975951485009,17.3438145893078
1.7,850,8.39895493310861,8.44649023835324,17.3414144524243
1.701,849.685892409219,8.39583408309009,8.41987568512864,17.4954158110601
1.702,849.372094804707,8.39271633009643,8.29968400308882,17.4784835520175
1.703,849.058916866815,8.38960473402963,8.40281947262842,17.4305297591459
1.704,848.746667664357,8.38650234872433,8.42015627288915,17.4532424064951
1.705,848.435655349598,8.38341221893413,8.43465626831818,17.5302618415597
1.706,848.126186854143,8.38033737732682,8.43800687673234,17.459694700751
1.707,847.818567586035,8.37728084149162,8.39295614742891,17.6909562496655
1.708,847.513101128351,8.37424561096122,8.35872263029168,17.5045987891803
1.709,847.210088939608,8.3712346642518,8.38748009846929,17.4859291430311
1.71,846.909830056251,8.36825095592362,8.39503053820231,17.6026385348994
1.711,846.612620797547,8.3652974136654,8.3686704605782,17.3784294334654
1.712,846.318754473153,8.36237693540519,8.36236566718983,17.5724405207784
1.713,846.028521093652,8.35949238645057,8.37007592043496,17.4253926324183
1.714,845.742207084349,8.35664659666116,8.38967489826649,17.3627701702487
1.715,845.460095002605,8.353842357656,8.32473293895306,17.6731696071844
1.716,845.182463258983,8.35108242005878,8.35220165257905,17.3362536452628
1.717,844.909585842496,8.34836949078348,8.36740485163124,17.567973175903
1.718,844.64173205021,8.34570623036318,8.38485455331464,17.6329682451802
1.719,844.379166221479,8.34309525032464,8.37101649877358,17.5508402883079
1.72,844.122147477075,8.34053911061127,8.42489111264137,17.4466373001105
1.721,843.87092946347,8.33804031705696,8.38837560502675,17.447583783659
1.722,843.625760102513,8.33560131891343,8.36089013458801,17.3700016022108
1.723,843.386881346764,8.33322450643329,8.31037190449763,17.544861965968
1.724,843.154528940713,8.33091220851147,8.3614379229229,17.3730375891005
1.725,842.928932188135,8.32866669038706,8.36134037358627,17.4642167409307
1.726,842.710313725786,8.32649015140814,8.27963997547739,17.4722892899384
1.727,842.498889303695,8.32438472286154,8.37511685508924,17.5071782698022
1.728,842.294867572242,8.32235246586976,8.36626593089758,17.4691585865097
1.729,842.098449876243,8.32039536935722,8.37277971703187,17.6090362717514
1.73,841.90983005625,8.31851534808774,8.29369735939024,17.4583762406936
1.731,841.729194257254,8.31671424077515,8.30920378516485,17.5034419252952
1.732,841.55672074498,8.31499380826905,8.31867697529432,17.3693532399599
1.733,841.392579729961,8.31335573181736,8.34543187319231,17.6168539198166
1.734,841.236933199561,8.31180161140745,8.27187950799381,17.5546256955503
1.735,841.089934758116,8.31033296418745,8.34661176394071,17.4850721820513
1.736,840.95172947534,8.30895122296938,8.36037701731855,17.4332047442346
1.737,840.82245374316,8.30765773481541,8.34381102742037,17.5512850849046
1.738,840.702235141118,8.30645375970883,8.27872070205155,17.5454855514868
1.739,840.591192310458,8.30534046931096,8.32919309454364,17.664209659868
1.74,840.489434837049,8.30431894580515,8.3414588058552,17.4416839674881
1.741,840.397063143231,8.30339018082917,8.28785692053779,17.3817457725736
1.742,840.314168388714,8.30255507449691,8.29025079410297,17.6073199963272
1.743,840.240832380613,8.30181443451044,8.29578748192492,17.4887170009981
1.744,840.177127492713,8.30116897536323,8.2712171712695,17.4145673203765
1.745,840.123116594049,8.30061931763539,8.4005153186287,17.4765325396629
1.746,840.078852986855,8.30016598738156,8.3986492436091,17.3673950965996
1.747,840.044380353969,8.29980941561214,8.27863695011302,17.4136849053828
1.748,840.019732715717,8.29954993786825,8.31000734661428,17.4023717859573
1.749,840.004934396343,8.29938779389096,8.25627403973627,17.4708433947287
1.75,840,8.29932312738501,8.29778762504836,17.4484258401914
1.751,840.004934396343,8.29935598587736,8.37789580583095,17.5257778523288
1.752,840.019732715717,8.29948632067064,8.32282388313027,17.2992101008632
1.753,840.044380353969,8.29971398689151,8.31377918981838,17.5241863947781
1.754,840.078852986855,8.300038743634,8.33527729042468,17.5685514672712
1.755,840.123116594049,8.30046025419757,8.30227467286154,17.5624280009443
1.756,840.177127492713,8.30097808641975,8.2823153605371,17.5335616473414
1.757,840.240832380612,8.30159171310294,8.29608905548665,17.6261953287472
1.758,840.314168388714,8.30230051253503,8.26928591823441,17.3644789918715
1.759,840.397063143231,8.30310376910325,8.28637923957281,17.460614523884
1.76,840.489434837048,8.30400067400075,8.29382650505692,17.4366752009955
1.761,840.591192310458,8.30499032602506,8.29284083001654,17.5534767427354
1.762,840.702235141118,8.30607173246781,8.32510623482291,17.6928257928829
1.763,840.82245374316,8.3072438100947,8.32629993117212,17.4798771112423
1.764,840.95172947534,8.30850538621483,8.33025575883205,17.6520076649098
1.765,841.089934758116,8.30985519983825,8.38827649515215,17.6021208344249
1.766,841.236933199561,8.31129190292075,8.27634512383495,17.6880614051211
1.767,841.392579729961,8.31281406169445,8.31538394927154,17.601728961895
1.768,841.55672074498,8.31442015808305,8.29799740710927,17.5908062714848
1.769,841.729194257254,8.31610859120021,8.31561814777557,17.536024946929
1.77,841.90983005625,8.31787767892975,8.35996337332204,17.5163364789537
1.771,842.098449876243,8.31972565958589,8.35173305484346,17.6043992177223
1.772,842.294867572242,8.32165069365208,8.2744472993554,17.3683840336606
1.773,842.498889303695,8.3236508655966,8.35983967262265,17.3004709492659
1.774,842.710313725786,8.3257241857632,8.33401742695027,17.5374272487457
1.775,842.928932188134,8.32786859233487,8.36766039356444,17.7665249285196
1.776,843.154528940713,8.33008195336878,8.3402571090264,17.6164984251492
1.777,843.386881346763,8.33236206890046,8.35538547858528,17.4916205122155
1.778,843.625760102513,8.33470667311509,8.26070502318915,17.438357463612
1.779,843.87092946347,8.33711343658377,8.32176393546321,17.5076868625725
1.78,844.122147477075,8.33957996856254,8.33826290058865,17.2966937109753
1.781,844.379166221479,8.34210381935192,8.33136213380005,17.69508572559
1.782,844.64173205021,8.34468248271461,8.35046556909642,17.4715287952952
1.783,844.909585842496,8.34731339834899,8.37159622753783,17.5036776805797
1.784,845.182463258983,8.34999395441596,8.32905438462952,17.6534833079424
1.785,845.460095002604,8.35272149011661,8.33694369877162,17.6148659839283
1.786,845.742207084349,8.35549329831823,8.38195086547676,17.5802518123502
1.787,846.028521093652,8.35830662822602,8.36789607283293,17.590825156381
1.788,846.318754473153,8.36115868809788,8.42305035880834,17.354608065475
1.789,846.612620797547,8.36404664799957,8.40601116767801,17.4068546060762
1.79,846.90983005625,8.36696764259763,8.35860507624108,17.4976401045187
1.791,847.210088939608,8.36991877398711,8.38923299378352,17.5169809425558
1.792,847.513101128351,8.37289711455156,8.43790126829223,17.5446670558873
1.793,847.818567586035,8.37589970985222,8.41687772707456,17.4716219821553
1.794,848.126186854143,8.37892358154372,8.39282210092047,17.2733542625367
1.795,848.435655349598,8.38196573031339,8.42775946341518,17.4845262932748
1.796,848.746667664357,8.38502313884118,8.39314045910341,17.3334287781165
1.797,849.058916866815,8.3880927747774,8.43250512543787,17.2175537507494
1.798,849.372094804707,8.39117159373524,8.35029183484997,17.5519240133029
1.799,849.685892409219,8.39425654229523,8.38760706751734,17.3686936693865
1.8,850,8.39734456101847,8.36815277323931,17.6157424310969
1.801,850.314107590781,8.40043258746596,8.4124766877578,17.2625073990996
1.802,850.627905195293,8.40351755922071,8.38625497079903,17.5631815873955
1.803,850.941083133185,8.40659641690998,8.43194610706256,17.4424270885549
1.804,851.253332335643,8.40966610722433,8.31636729671377,17.5604222786939
1.805,851.564344650402,8.41272358593087,8.46068850173052,17.5680334427382
1.806,851.873813145857,8.41576582087736,8.45508080440397,17.590683261834
1.807,852.181432413965,8.4187897949845,8.38127964398853,17.5217433860633
1.808,852.486898871648,8.4217925092233,8.45949153648992,17.4473576188169
1.809,852.789911060392,8.42477098557459,8.41988277206671,17.4514095522536
1.81,853.09016994375,8.42772226996785,8.43368397868777,17.4947363325592
1.811,853.387379202453,8.43064343519632,8.47175014170698,17.4597660867796
1.812,853.681245526847,8.43353158380568,8.53048668342397,17.4341574011631
1.813,853.971478906348,8.43638385095327,8.41733889588913,17.3053903266458
1.814,854.257792915651,8.43919740723519,8.42125569096475,17.5229079677489
1.815,854.539904997395,8.44196946147834,8.51001631072894,17.5748329072137
1.816,854.817536741017,8.44469726349482,8.50757592527292,17.4429865169699
1.817,855.090414157504,8.44737810679577,8.46301063469844,17.442088303079
1.818,855.35826794979,8.45000933126216,8.57460849108863,17.523424212084
1.819,855.620833778521,8.45258832576975,8.47641696343564,17.5937568386023
1.82,855.877852522925,8.45511253076573,8.47108538182457,17.3114379828102
1.821,856.12907053653,8.45757944079444,8.50919150304168,17.5498128825125
1.822,856.374239897487,8.45998660696972,8.5012131866908,17.5153996054361
1.823,856.613118653236,8.46233163939134,8.49181750297064,17.418830922749
1.824,856.845471059287,8.46461220950335,8.48917653920683,17.4585365734488
1.825,857.071067811865,8.46682605239176,8.4335285544478,17.4492463049922
1.826,857.289686274214,8.46897096901948,8.4603091868249,17.5524870091107
1.827,857.501110696305,8.47104482839618,8.54926016143896,17.5813662376169
1.828,857.705132427758,8.47304556968107,8.45810408928208,17.4773465220067
1.829,857.901550123757,8.47497120421638,8.59980855403638,17.6852384283822
1.83,858.09016994375,8.47681981748962,8.56649116304127,17.5780771649947
1.831,858.270805742746,8.47858957102265,8.53036133043659,17.5006228677098
1.832,858.44327925502,8.48027870418575,8.4755555103512,17.5636711592366
1.833,858.607420270039,8.4818855359348,8.49712477099197,17.533346972075
1.834,858.763066800439,8.48340846646998,8.46001006585545,17.4920321276919
1.835,858.910065241884,8.48484597881419,8.45730770869336,17.4542698819521
1.836,859.04827052466,8.48619664030985,8.49308444823608,17.4349772232789
1.837,859.17754625684,8.4874591040324,8.52019239563918,17.5283813688139
1.838,859.297764858882,8.48863211011922,8.51176227887282,17.3583380599485
1.839,859.408807689542,8.48971448701262,8.44815754677544,17.3847194580991
1.84,859.510565162951,8.49070515261567,8.49003855208798,17.4612481515367
1.841,859.602936856769,8.49160311535977,8.50335917842556,17.3896031495867
1.842,859.685831611286,8.49240747518287,8.4844002854902,17.5099697809278
1.843,859.759167619387,8.49311742441734,8.45691486846948,17.4594316410929
1.844,859.822872507287,8.49373224858673,8.55080728339288,17.4229174867895
1.845,859.876883405951,8.4942513271105,8.5344574623505,17.7597668356147
1.846,859.921147013145,8.4946741339161,8.54342868445994,17.452344713914
1.847,859.955619646031,8.49500023795783,8.50066739910527,17.406264676188
1.848,859.980267284283,8.49522930364183,8.47201133359746,17.5760823473756
1.849,859.995065603657,8.49536109115694,8.57215998729834,17.4004853586289
1.85,860,8.49539545671104,8.54210186726158,17.5644170374662
1.851,859.995065603657,8.49533235267257,8.47878276284827,17.5598297935722
1.852,859.980267284283,8.49517182761722,8.54737991531161,17.5020579786894
1.853,859.955619646031,8.49491402627961,8.4936179484174,17.3845481475021
1.854,859.921147013145,8.49455918941019,8.57524867820007,17.4447120167197
1.855,859.876883405951,8.49410765353719,8.52795483517181,17.5264581093528
1.856,859.822872507287,8.49355985063429,8.50385914205186,17.5312857625092
1.857,859.759167619387,8.4929163076939,8.5560397024855,17.6787807802084
1.858,859.685831611286,8.49217764620679,8.47176682180182,17.4724901090346
1.859,859.602936856769,8.49134458154843,8.53549553060394,17.4472883219287
1.86,859.510565162952,8.49041792227264,8.52415947649907,17.7065729894211
1.861,859.408807689542,8.48939856931336,8.59698444368682,17.5215498023802
1.862,859.297764858882,8.48828751509523,8.49040393942259,17.4999906403646
1.863,859.17754625684,8.48708584255385,8.50011088885556,17.3476968137498
1.864,859.04827052466,8.48579472406677,8.52862765833363,17.5057333118491
1.865,858.910065241884,8.48441542029618,8.47958670764756,17.3824029675972
1.866,858.763066800439,8.48294927894451,8.45855014901688,17.6502185388662
1.867,858.607420270039,8.48139773342413,8.53141537933977,17.4578943592961
1.868,858.44327925502,8.47976230144242,8.46037158346621,17.4828416534984
1.869,858.270805742746,8.47804458350378,8.46750452313242,17.5002293145428
1.87,858.090169943749,8.47624626132977,8.54491308261946,17.4999033597812
1.871,857.901550123757,8.47436909619927,8.46373862571104,17.5456222476053
1.872,857.705132427758,8.47241492721,8.47378653574245,17.5750218675289
1.873,857.501110696305,8.47038566946332,8.5158416094174,17.6514112414959
1.874,857.289686274214,8.46828331217406,8.49805735476473,17.3402104135989
1.875,857.071067811866,8.46610991670709,8.5042437364514,17.6865205693838
1.876,856.845471059287,8.46386761454286,8.43217096876266,17.4151511391856
1.877,856.613118653236,8.46155860517363,8.49172658636114,17.599980540345
1.878,856.374239897487,8.45918515393262,8.50049903945045,17.7031926178339
1.879,856.12907053653,8.45674958975822,8.46179651538043,17.5129503120361
1.88,855.877852522925,8.45425430289544,8.45257889711581,17.5473419798283
1.881,855.620833778521,8.45170174253678,8.3696902852733,17.4670214155974
1.882,855.35826794979,8.44909441440506,8.43857227144013,17.3895038624385
1.883,855.090414157504,8.44643487828039,8.45117947530311,17.4737471908356
1.884,854.817536741017,8.4437257454738,8.48610044109576,17.5250513144225
1.885,854.539904997396,8.44096967625009,8.49410228263018,17.5869197116742
1.886,854.257792915651,8.43816937720227,8.46152847517506,17.5682784943869
1.887,853.971478906348,8.43532759858044,8.44066554961586,17.4941990341244
1.888,853.681245526847,8.4324471315774,8.43331350781171,17.434339850519
1.889,853.387379202453,8.42953080557406,8.54533932032132,17.2708105436416
1.89,853.09016994375,8.42658148534706,8.48415570769137,17.5237951064355
1.891,852.789911060392,8.42360206824144,8.47319986362121,17.4425143773621
1.892,852.486898871649,8.42059548131132,8.32366224144792,17.4221203497315
1.893,852.181432413965,8.41756467843111,8.45280611360325,17.5562088414293
1.894,851.873813145857,8.41451263738034,8.38252951118458,17.4958447379268
1.895,851.564344650402,8.41144235690496,8.4554664645777,17.5323793333445
1.896,851.253332335643,8.40835685375782,8.45896046741405,17.4063456113327
1.897,850.941083133185,8.40525915972152,8.42766064928473,17.5144251202554
1.898,850.627905195293,8.40215231861635,8.3524761565509,17.4942928425316
1.899,850.314107590781,8.39903938329644,8.43659908572509,17.4645796290231
1.9,850,8.39592341263692,8.44923754921163,17.390681015268
1.901,849.685892409219,8.3928074685152,8.38704514176364,17.5396862423971
1.902,849.372094804707,8.38969461278929,8.39422016771135,17.4899020960823
1.903,849.058916866815,8.38658790427613,8.39225128796584,17.3010492993015
1.904,848.746667664357,8.38349039573295,8.3952732774449,17.4905109009889
1.905,848.435655349598,8.38040513084461,8.37543199567811,17.677730233279
1.906,848.126186854143,8.37733514121993,8.38833525060908,17.6027521245245
1.907,847.818567586035,8.37428344339987,8.40643708974664,17.5919324663669
1.908,847.513101128352,8.37125303588069,8.35759709580126,17.4954476860674
1.909,847.210088939608,8.36824689615485,8.38428776717295,17.5815942513833
1.91,846.909830056251,8.3652679777727,8.42598996279985,17.448204276599
1.911,846.612620797547,8.36231920742774,8.3247453673789,17.6620622527834
1.912,846.318754473153,8.35940348206847,8.31663378081242,17.5184164354325
1.913,846.028521093652,8.35652366603959,8.40101961119797,17.5942783521046
1.914,845.742207084349,8.35368258825528,8.34822545447635,17.2074720482679
1.915,845.460095002605,8.35088303940762,8.3655170946224,17.4201975190708
1.916,845.182463258983,8.34812776921262,8.41314995986366,17.6847215394673
1.917,844.909585842496,8.34541948369672,8.43687903123869,17.5662297641178
1.918,844.64173205021,8.34276084252645,8.36615230469829,17.3819793624347
1.919,844.379166221479,8.3401544563838,8.37138886570535,17.4317219384823
1.92,844.122147477075,8.33760288438997,8.36790256528218,17.3994487920625
1.921,843.87092946347,8.33510863158003,8.36889640550479,17.4759592140654
1.922,843.625760102513,8.33267414643089,8.34123274174345,17.4152442114145
1.923,843.386881346764,8.33030181844518,8.37633020473532,17.4761857076424
1.924,843.154528940713,8.32799397579325,8.35909636926045,17.5169166366344
1.925,842.928932188135,8.32575288301581,8.39840001638619,17.4242037312886
1.926,842.710313725786,8.32358073878929,8.29996884625541,17.4400402423406
1.927,842.498889303695,8.32147967375617,8.29684603596911,17.5817680895218
1.928,842.294867572242,8.31945174842261,8.32975956931877,17.5510818523407
1.929,842.098449876243,8.31749895112512,8.32673993873042,17.5642624678771
1.93,841.909830056251,8.31562319606858,8.33658857234986,17.5615631197899
1.931,841.729194257254,8.3138263214374,8.33646245042427,17.5388005793648
1.932,841.55672074498,8.31211008758166,8.40123779684411,17.3540295744132
1.933,841.392579729961,8.31047617528011,8.2932597775301,17.409759267939
1.934,841.236933199561,8.3089261840817,8.312732067641,17.4476256746555
1.935,841.089934758116,8.30746163072726,8.35644617434348,17.5648437448565
1.936,840.95172947534,8.30608394765291,8.33275182936404,17.5010102209038
1.937,840.82245374316,8.30479448157669,8.36701075990728,17.602076444593
1.938,840.702235141118,8.30359449216975,8.28844772462711,17.6404539701804
1.939,840.591192310458,8.3024851508135,8.30654388078089,17.4805227160548
1.94,840.489434837049,8.30146753944382,8.37910929458616,17.391288527793
1.941,840.397063143231,8.3005426494836,8.3583127181373,17.546942991168
1.942,840.314168388714,8.29971138086462,8.33059499588841,17.3609642774899
1.943,840.240832380613,8.29897454113966,8.31344746483153,17.728399907878
1.944,840.177127492713,8.29833284468582,8.22759353878229,17.5224773343463
1.945,840.123116594049,8.29778691199979,8.28679762486312,17.6091514837339
1.946,840.078852986855,8.29733726908579,8.31919944691304,17.6037298814202
1.947,840.044380353969,8.29698434693666,8.31056964774616,17.3256508689719
1.948,840.019732715717,8.29672848110889,8.31078784502543,17.5833673856968
1.949,840.004934396343,8.29656991139168,8.28497960356333,17.765205686671
1.95,840,8.29650878157056,8.28982795633453,17.6910125190387
1.951,840.004934396343,8.29654513928579,8.34163102068576,17.6818043465894
1.952,840.019732715717,8.29667893598558,8.25432378752348,17.5324522676641
1.953,840.044380353969,8.29691002697431,8.26368241005503,17.5850252611534
1.954,840.078852986855,8.29723817155554,8.32972045231509,17.5171584393032
1.955,840.123116594049,8.29766303326986,8.24184617881212,17.5535326880233
1.956,840.177127492713,8.29818418022715,8.31555579507671,17.4968657157145
1.957,840.240832380613,8.29880108553309,8.31333361902329,17.5175997791577
1.958,840.314168388714,8.29951312780936,8.28379226743691,17.4991114040125
1.959,840.397063143231,8.30031959180717,8.30968629617665,17.5100344267011
1.96,840.489434837048,8.30121966911332,8.29884805265383,17.5257994050183
1.961,840.591192310458,8.30221245894825,8.31806050216951,17.4579868034284
1.962,840.702235141118,8.30329696905529,8.27281098582211,17.4386563734427
1.963,840.82245374316,8.30447211668007,8.2519652327848,17.2890739409323
1.964,840.95172947534,8.30573672963934,8.37477443340886,17.6991332202982
1.965,841.089934758116,8.30708954747797,8.32612577038502,17.5419761990022
1.966,841.236933199561,8.30852922271312,8.31189679164298,17.4100818975956
1.967,841.392579729961,8.31005432216422,8.35339607052615,17.3891135887719
1.968,841.55672074498,8.31166332836759,8.25977030244883,17.5822182117659
1.969,841.729194257254,8.31335464107417,8.30661933739194,17.5501782240779
1.97,841.90983005625,8.315126578829,8.28590548208404,17.5297556412602
1.971,842.098449876243,8.31697738063077,8.28265349986963,17.5512499548002
1.972,842.294867572242,8.31890520766994,8.35372492873799,17.6736140739698
1.973,842.498889303695,8.32090814514357,8.3276266180025,17.5854350835662
1.974,842.710313725786,8.3229842041452,8.30458765859993,17.3578045803941
1.975,842.928932188135,8.32513132362781,8.35731093632054,17.3767409953422
1.976,843.154528940713,8.32734737243798,8.34485470177563,17.3920669050651
1.977,843.386881346764,8.32963015141925,8.35617832712178,17.5721092881227
1.978,843.625760102513,8.33197739558258,8.38700809278094,17.5143820545992
1.979,843.87092946347,8.3343867763417,8.36263416933955,17.4868835611806
1.98,844.122147477075,8.33685590381135,8.32023569840081,17.5645370307842
1.981,844.379166221479,8.33938232916588,8.31331138463612,17.6040160156419
1.982,844.64173205021,8.34196354705607,8.33822687140096,17.594106126481
1.983,844.909585842496,8.34459699808175,8.36242018366362,17.5702942470039
1.984,845.182463258983,8.34728007131765,8.37892562583917,17.6036920482547
1.985,845.460095002605,8.35001010689022,8.32136877052863,17.6697302405728
1.986,845.742207084349,8.35278439860269,8.32567706725398,17.503483638621
1.987,846.028521093652,8.35560019660578,8.35488600274051,17.3123806661308
1.988,846.318754473153,8.35845471011157,8.34413990571952,17.6132048762848
1.989,846.612620797547,8.36134511014775,8.44095694827672,17.4050517427566
1.99,846.90983005625,8.36426853234949,8.38725216619116,17.362267678184
1.991,847.210088939608,8.36722207978628,8.44567994786144,17.3898211981623
1.992,847.513101128351,8.37020282582087,8.41797482539177,17.4315829124248
1.993,847.818567586035,8.37320781699758,8.34504304447235,17.4673057842079
1.994,848.126186854143,8.37623407595694,8.35318044728336,17.6140569964662
1.995,848.435655349598,8.37927860437408,8.44232655600463,17.514914354562
1.996,848.746667664357,8.38233838591762,8.34826112431565,17.6321684601606
1.997,849.058916866815,8.38541038922652,8.37202113993189,17.3861770210697
1.998,849.372094804707,8.38849157090156,8.43286800606352,17.2757099796626
1.999,849.685892409219,8.39157887850884,8.47335115001794,17.4910719427655
2,850,8.39466925359209,8.45823327653234,17.4559970391665
